"b'Ahead of FC Barcelona\xe2\x80\x99s 2-1 win over Arsenal in the Gamper Trophy on Sunday, FC Barcelona captain Lionel Messi, with a microphone in hand, sent a message to the Camp Nou and all Catalan club supporters worldwide. #SLInt https://t.co/nWQLNGaO78'"
b'@Petaderock @FPLGeneral And messi'
"b'@Bobxon Did you see anything about Barcelona in that post?.. Anyways since we are talking about it, Thiago Messi has celebrated more league title than the whole Liverpool squad'"
b'Messi is gonna pop off this season and will win anything and everything in his path. What a speech \xf0\x9f\x92\xac\nForcabarca \xf0\x9f\x94\xb4\xf0\x9f\x94\xb5\nVamosBarca'
"b'@DK_bosssss @FCBTweetBot \xf0\x9f\x8e\x99\xef\xb8\x8fLeo Messi: ""It\'s difficult to say anything after last season. But I don\'t regret anything and I will say the same thing. I back these players and the coaching staff we have. Together, we\'re going to fight to win everything.""'"
b'@PrimeXavi68 @utdarena @neymarjr @FCBarcelona @PSG_inside Is xavi in your @ by any chance xavi hernandez'
b'@Arsenal @UnaiEmery_ Announce Messi!'
"b'@ManCity All that is fine, please tuck out your jersey next time'"
"b'@iamlesmaada @McRetailer @FCBarcelona @premierleague @ManCity @LCFC Large chunk of @Lfc was won in the past ... As a club @LFC has 61, as an individual Messi has 34. https://t.co/5W7gYQvLva'"
b'@katieeeeebell Messi on his left foot from 25 yards out'
"b'Football Deals - Save Up to 50%!, Dicks Sporting Goods - DealsPlus - https://t.co/y8EgGOVVnR via @DealsPlus\n\n#football #Messi #CR7'"
b'@BrazilSoccerHub Neymar to united and exposing that pub league needed'
"b'Messi: Ah shiet, here we go gain https://t.co/s0Opeugawh'"
"b""@WeAreMessi Messi forgot what's happening last season open New chapter this season"""
"b'As a footballer Only Messi and Ronaldo performs better , As a professional he is a cunt https://t.co/mckseLhs6h'"
b'@ghanaman1987 @mikelino1_ @SaddickAdams Messi has more assists and ronaldo barely has more goals'
"b'@Rob_Holdini @anil_channa @Jj_nr20 @DanDUN__ @brfootball @FCBarcelona even atletico &amp; ajax bottled bottled in CL. but no-one will blame their forwards, bcoz its poor defending or just the sheer brilliance of opposition.\n\nBut in case of barcelona, every clown comes out to blame messi, instead of giving credit to how brilliant liverpool were.'"
b'@Hadieesta Messi was not wearing his ring'
"b""I don't understand spanish one bit but i watched it nonetheless....that's how much i love messi\xe2\x9d\xa4 https://t.co/WkwXEQslHb"""
"b'@SkyIightt @Kieran96cfc @Slasher If video games turn people into doing things.\n\nWell then i wanna play Fifa all night long!\nI wanna become as good as Messi in real life.\n\nOh wait, not gonna happen cuz its a video game, not real life.'"
"b'@greatbong Boring to the Core, nthn new or insights..'"
"b'@ELEGBETE1 My accumulator would often welcome teams like:\nCeltic\nPSG\nAthletico\nBenfica\nMan utd\nWolves\nJuve\nDortmund\nLeads\nBarca( when Messi is not injured)\nJuve\nSwansea\n\nAt least, for the moment!'"
"b""@hd_ignite @brfootball @FCBarcelona Why would you hate the guy.. You won the Ucl... it's not like he's a Costa or something.. people that hate Messi defeat my understanding"""
b'@UtdFIair costa. would be a great acquisition. maybe a midfielder. probably bentancur.'
b'@RiquiiPuig All those el clasico memories just came back'
b'#Messi hi sir my name is syeda Fatima from India sir I am trying lot of time to give you message sir but no reply sir please help me sir save my husband life sir please 9951082398 my husband mobile number sir please help me sir'
"b""@SenyooorPape @masterceo25 @bhavss14 Players develop at different times nowadays, only your Ronaldo's, messi etc look that good at 19. Nelson, sako and Willock will be good to excellent prem players even if not at Arsenal."""
"b'Maggie Gyllenhaal, Melissa McCarthy and Christoph Waltz must save Miley Cyrus from the hands of Lionel Messi in this movie directed by J.J. Abrams'"
b'The GOAT Leo King Messi\xe2\x9d\xa4\xef\xb8\x8f\xf0\x9f\x91\x91\xf0\x9f\x90\x90 https://t.co/yLsUvnYqFi'
"b""I think #Messi is going to be crowned #TheBest FIFA Men's Player. Who do you think will win?\nhttps://t.co/Rk51qtNAKG"""
"b'@HalfTouch @Ancapnaldo @Messi_Fc_ @xFCBeto Modern day wingers are different, they\xe2\x80\x99re not called LM because they don\xe2\x80\x99t track back like a midfielder, they\xe2\x80\x99re primary role is to play forward'"
"b'FIFA The Best Top 3 if I decided:\n\n1. Alisson\n2. Virgil van Dijk\n3. Bernardo Silva\n\nRest of the top 10 would be: Messi, Sterling, De Jong, Ronaldo, De Ligt, Mbappe, Hazard.\n\nHarry Kane can bring the awards on stage.'"
"b""Don't regret anything what I said last season: Messi - https://t.co/xgHXwCmus5 https://t.co/itaq53GQ7v"""
b'@MASTERFREDA @SrinzzzLFC @Weatherfanatic_ @BlaugranaSauce When you win anything without Messi you come back for this conversation.'
"b'Messi was suppposed to end that run but van dijk was timid, he ran away and called matip to face messi instead https://t.co/G4cdbw0Xm5'"
"b'to get his results and starts focus on barca bs....\nif u coach nolito or paco, u can hire valverde... but not for messi.\nbarca wasted him with averaage secondary squad and average managers.'"
"b'@goal He\'s a player who is always determined to achieve something.  That\'s the quality of Ronaldo and Messi, they are always encouraged to win even if it went bad for them. On like some players and coaches who would say ""there are teams better in the champions league ""'"
"b""@terrenceKC 'dybala avoiding Manchester United...' \xf0\x9f\x98\x82 you juvens clowns shouldve slap the Agnellis faces and that lung cancer guy.\n\nWe didnt ask for Dybala, also reject him for wanting the same wage as Messi \xf0\x9f\x98\x85\n\nthe state of your corrupted club hahaha"""
"b""Lionel #Messi has no regret as he points to 'renewed dreams' for Barcelona in 2019/20 - in pictures\n#AthleticClub \xf0\x9f\x87\xaa\xf0\x9f\x87\xb8 #LaLiga \nhttps://t.co/maGzzZkzWs"""
b'@goal Messi always the best'
b'@russell_bull1 What\xe2\x80\x99s hammer and nails playing at with a OG in front of Messi! Plonker \xe2\x80\x9csame old arsenal \xf0\x9f\x8e\xb6\xe2\x80\x9d \xf0\x9f\x98\x82\xf0\x9f\x98\x82'
b'@primespidaszn Lionel Messi \xc3\x97 LeBron James'
"b'Are you sure?\xf0\x9f\x98\x82\xf0\x9f\x98\x82\xf0\x9f\x98\x82\n\nJk.... I still \xe2\x9d\xa4 you, Messi!\xf0\x9f\xa4\x98 https://t.co/TnQsusOSbk'"
"b""i said it before, messi is not normal player, he shouldn't have coached by enrique or valverde.\nhe is historical best, after pele and maradona,\nhe needed somebody he can rely on, mentally, adviser. not mediocrity clown who pretends to be boss but rely on his magic 24/7"""
"b""Messi received punishment Messi disqualified for three months. Argentina's captain Lionel Messi suspended from participating in the matches of the national team\n#MessiDisqualified\nhttps://t.co/FRnV6csLb0 https://t.co/nxJKiOFmHt"""
b'@queensuzzette Messi Looks like Yahoo Boy'
b'@YacoubiWafae Messi always does it'
"b'Leo Messi on Instagram:\n\nThanks to all who came to the court today and also to those who always follow us. The only way to achieve success is to fight all together. Let no one doubt, this season we will fight again for everything. \xf0\x9f\x94\xb4\xf0\x9f\x94\xb5 https://t.co/3QjXVHB88o'"
b'handsome and sexy and messi in one sentence think again https://t.co/MxdX19d1XB'
"b'@LeoKawsar10 @pato7dominic @Biyo_lar @Squawka Hahah,nice these Nigerian hate leo messi more then real Madrid fans does'"
"b""Aaaahhh I missed out a great game and didn't even realised that the whole team was already complete with Countinho and Messi back. Dammit \xf0\x9f\x98\xad Congrats boys! https://t.co/829NbJadyQ"""
"b""@barcacentre Astonishing just how flat and uninspiring Barca have become under Valverde for the past 2 years... Get used to it Frenkie... We've been bailed out by Messi - that is the main reason they have won La Liga back to back and nearly got the UCL finals."""
"b""We don't press in LaLiga, young man. You should learn to cover Messi and Suarez' ass first. Like Rakitic does. https://t.co/E1TVooMqHW"""
"b'Messi Fined, Banned For Three\xc2\xa0Months https://t.co/7mIrOCHhto https://t.co/7COb61MTru'"
b'The game won\xe2\x80\x99t appreciate Messi till he finally retires. It will certainly be a dark day for football and I\xe2\x80\x99ll cry if it happens https://t.co/k6KDraXU2m'
"b'ICYMI: Paris Saint-Germain secured the French Super Cup title on Saturday, but did Kylian Mbappe appear to push Neymar out of the team photo during the celebrations? #SLInt https://t.co/Z3cGme1TP8'"
b'Reports: Lionel Messi Explains How Barcelona Can Sign Neymar This\xc2\xa0Summer https://t.co/U948cNLW2l https://t.co/c9Gp6FEogP'
"b""Thinking about a future on #Messi winning Balon D'Or. With how voting works I don't see VVD winning"""
b'Veteran Messi is a thing. Good speech. https://t.co/61OmdDEo32'
b'@solobarza1899 @Data_Guru_ slander Messi? what about admit that not even the best of the team couldn\xe2\x80\x98t do anything in these matches? Su\xc3\xa1rez is way more than stats. He\xe2\x80\x98s goalscoring in the CL was poor the recent years. But in the mentioned ties - you can only blame him for Juve 17 for doing nothing.'
b'Messi \xf0\x9f\x98\xad\xf0\x9f\x98\xad\xf0\x9f\x98\xad\xe2\x9d\xa4\xef\xb8\x8f\xe2\x9d\xa4\xef\xb8\x8f\xe2\x9d\xa4\xef\xb8\x8f\xe2\x9d\xa4\xef\xb8\x8f\xe2\x9d\xa4\xef\xb8\x8f.... My GOAT!!!!!!!!!!! https://t.co/QkYY3uCmyc'
b'@Messi_Fc_ @prince007amoah @sportbible Right bro'
"b""@brfootball It's not the 1st time, Messi the Goat dribbled past him"""
"b'@stupendousftbl Stupendous uno, I like Ronaldo mate. Top player for United. Common knowledge Messi is the greatest ever to live'"
b'Messi is the GOAT. Period \xf0\x9f\xa4\xa9\xf0\x9f\xa4\xa9\xf0\x9f\xa4\xa9\n\nYou damn haters \xf0\x9f\x98\xa0\xf0\x9f\x98\x92\xf0\x9f\x98\x92\n\xf0\x9f\x98\x8a\xf0\x9f\x98\x8a\xf0\x9f\x98\x82\xf0\x9f\x98\x82 https://t.co/bzLQZ7TYlX'
b'Things are getting messi'
b'@FCBarcelona Three months international Ban\n\xf0\x9f\x98\xa2\xf0\x9f\x98\xa2\xf0\x9f\x98\xa2 \n#messi #Captain_messi https://t.co/UvSlMPMB5Y'
"b""I think #Messi is going to be crowned #TheBest FIFA Men's Player. Who do you think will win?\xf0\x9f\x98\x89\nhttps://t.co/QHeD9IGwvr"""
"b'\xf0\x9f\x8e\x99\xef\xb8\x8fLeo Messi: ""It\'s difficult to say anything after last season. But I don\'t regret anything and I will say the same thing. I back these players and the coaching staff we have. Together, we\'re going to fight to win everything."" https://t.co/bnGkzZDc5I'"
"b'@messi_who_else @LordHasALamb @ArtSaSch @F1 @Max33Verstappen @LewisHamilton Lewis isnt a Car, he is a driver. One with most poles in F1 history....'"
"b""@JoshuaUbeku I think Van Dijk will win it, thou Messi's season was just miles ahead."""
"b""Lionel Messi made a pre-season pledge to win the Champions League last season \xf0\x9f\x98\xb3\n\nDespite how that worked out, he's got no regrets and is making the same vow this year \xf0\x9f\x92\xaa https://t.co/jSYywgfvfP"""
"b'@aymenAbdulk We can have messi and ronaldo and we wont make top 4. Our manager is shit and our back line is shit, this season has been over simce ole got the job \xf0\x9f\x98\x82'"
b'@JalenRamsey2020 @DanishCuleish @AlphaCule05 @dro__ne @ashcook4 @Casual_9 @Pallaspyro @Abdullxh4 @MohdAlm10 @adarshj1997 @MagicalLeo10 @ME3RYAM @TheMonolith10 @LeoKawsar10 @Jameswb247 @primevideosport We are trying to analyze the mental state of the dude who thinks cr7&gt;messi in this era'
b'@Divij_Messi_10 My fucking penis should'
"b'Dybala rejecting Man United is the highlight of this transfer window.\n\nMan that is playing with CR7 in Juventus and Messi in Argentina, y\xe2\x80\x99all want him to join a team with Ashley Young as the captain.\nLeemaaooo \xf0\x9f\xa4\xa3\xf0\x9f\xa4\xa3\xf0\x9f\xa4\xa3'"
"b""@AdzCampbell91 Don't worry. Raul told Emery we had to lose on purpose so he could convince Barca how bad we were so we critically needed Umtiti and Messi for the year. Raul Sanllehi, what a Don."""
b'I cancelled my order from zomato because the delivery guys name was Messi he internationally never delivers. \n#football #soccer #zomatosaysnotohate #Zomato #zomatoin #Messi'
b'Lionel Messi has no regrets over last season and is motivated to challenge for all trophies this year \n\n( via @FCBarcelona ) https://t.co/OB3OkphdWo'
b'Messi Banned For 3 Matches In Argentina https://t.co/OAlRdpXhem'
"b'@Madridyoungster You must have heard your name as a new Messi.They are getting cheers in the pre-season.They carry the ball, pass it, and use tricks, but they have a strong fighting spirit compared to other acrobats.""'"
b'Lionel Messi Suspended From Argentina for 3 months | Sports Tak https://t.co/og90QSVz8I via @YouTube Very sad News for Messi Fans\xf0\x9f\x98\x9e https://t.co/wy9p7AhIdt'
b'I believe riqui/alena should start over rakitic any day'
"b""@Kike_Marin_ @vintagehleb2 @Arsenal Coutinho is a smokescreen for Messi. I'm calling it"""
b'@RuudVanisterror The next Messi I guess'
b'@Blaugrana4life3 @BarcaTimes What? Messi already owned up to the UCL and Copa del Rey failures ages ago'
"b'So wild idea how about Luke Combs, Jon Pardi, and Old Dominion go on tour together so I can see them all at once'"
"b""The next #football on ESPN is Weds at 8pm (Pacific): Sacramento Republic FC vs. Las Vegas Lights FC (USL Championship).\n\nThen, on Sat at 2pm it's Napoli vs. Barcelona (interesting as long as Messi plays).\n\nOn Sun it's NWSL at noon then Atlanta vs NYCFC at 1pm.\n\n#soccer #resist"""
b'@FootyKK @GurjitAFC Messi and Umtiti to the Emirates blud'
"b""@dominikbertrams @GurjitAFC Don't forget Messi"""
"b""These days Leo Messi is talking! He's getting a little stubborn, guess he's grown up now"""
b'@FCBarcelona_cat King Messi'
b'Messi dogs in one pic. Amazing https://t.co/jviDGcI42F'
"b'@GurjitAFC ""We agreed whoever lost would get Messi and Umtiti""'"
"b'@Prabu_Paing Bring Messi &amp; Ronaldo in united &amp; we will all agree they are overrated. Pogba tried last season without anyone around him, the problem is when he is not creating no one will create Milan is the recent example'"
"b""@Krizzz23070746 @Jibolashokunbi @Michealcomic @goal Which years was that, Because even in the 2008 EUFA Champs League Semi Finals with Man Utd, Henry was on the bench. The team was Valdes, Milito, Puyol, Zmabrota, Iniesta, Abidal, Toure, Deco, Messi and Eto'o..Where was Henry...He was overated"""
"b""Lionel Messi's Promise About Barcelona's Season Should Terrify The Rest Of The World - Fadeaway World https://t.co/b8vaKAzKmS"""
b'BRILLIANCE from @LuisSuarez9! \xf0\x9f\x92\xaf\xf0\x9f\x98\x8d\n\nThe @FCBarcelona striker scored an incredible winner against @Arsenal yesterday! \xe2\x9a\xbd\xf0\x9f\x98\xaf\xf0\x9f\x94\xa5\n\n#Barcelona #Suarez #Messi #FCBvARS\nhttps://t.co/b6nxn6Kybd'
b'@RahulKu73620536 Messi is it that way I am going'
b'@DONJAZZY Lionel Messi \xf0\x9f\x98\x8c\xf0\x9f\x98\x8c\n\nnobody should @ me'
b'@Maurizio_Dias @FCBarcelona @Dembouz Don\xe2\x80\x99t talk rubbish...how many times do Messi lose ball like how Dembele use to lose balls? That guy is not a world class player and he will never develop because he don\xe2\x80\x99t want to learn'
"b""@JeffBull5 I think FC Dallas is doomed if they don't buy a new team. But who is going to buy their players? Loans and free market could help them. Maybe they should buy some old cheeses from Europe. Messi is old and Aguero. Try those."""
b'Big balls Messi https://t.co/YWfyyH18IR'
"b""I think #Messi is going to be crowned #TheBest FIFA Men's Player. Who do you think will win?\nhttps://t.co/FyxS0mqX75"""
"b'Lionel #Messi says he has ""renewed dreams"" for #Barcelona ahead of the 2019/20 season as the striker added he had no regret over past disappointments. https://t.co/EMuJGZqyvo https://t.co/NtLLuOf8fD'"
b'@BBCSport They also think Bebe was the next pele messi ronaldo hybrid'
"b'Comparing the goal of the century that Messi \xf0\x9f\x90\x90 scored against Getafe in La Liga 2007, to the goal that Maradona scored against England in the 1986 World Cup!\n\n#Messi is indeed the #GOAT https://t.co/KS3TPJs1kI'"
"b'@Krizzz23070746 @Michealcomic @goal What Prime age, He was just 29 years when he moved to Barca. Ronaldo, Messi, Zlatan, Drogba, Lampard, Van Persie..have all been awsome in their 30s...Henry was just overated.'"
"b""@Dannn777 @UvT_Jezus Cristiano is almost 35, coming from the worst season of his career. Father time is undefeated. A new league? LMAO. Juve has won 8 straight Serie A. Juve have it even easier than Bayern.\n\n I also didn't mention Messi at all, so who is the obsessed?"""
"b""Barcelona fans: Don't say it\nMessi: https://t.co/8PQigEm4LE"""
b'Messi is the John wick of football.'
"b'\xf0\x9f\x93\xb1[FB] | Messi: ""Thank you to everyone who came to the stadium today and also to those who follow us always. The only way to get the successes is to fight all together. Let no one hesitate, this season we will fight again for everything. \xf0\x9f\x94\xb4\xf0\x9f\x94\xb5"" https://t.co/8BbRUHAe8y'"
b'Messi\xe2\x80\x94 pique kick him right now https://t.co/nu3EAJAVLO'
b'@gian_is_messi You\xe2\x80\x99re soft'
b'Messi is going to pop off this season and will win anything and everything in his path. Crazy speech to the Bar\xc3\xa7a fans'
b'@Lux_September @uLwaziKnowledge @AndileNcube @MuhammadAli @Veli_Mbuli @PastortheDJ @ntsabomluleki @jikat @Subz_84 @vhoSabelo And Messi ?'
"b""Messi ain't got nothing on this. https://t.co/Yv8gN8Hj2O"""
"b""Messi: So, we have to play alongside these bums this season...\nLuis: Yeah looks like it...\nMessi: This Frenkie kid is good though...\nLuis: We need Neymar, man...\nMessi: you're right, bruh.. https://t.co/d1Im5kIDAn"""
"b'Will I be wrong to report that Mustafi is an international disaster rather virus at Arsenal ? Even with Pepe,Lacazette and Auba upront Arsenal will still loose cz Mustafi is around \xf0\x9f\x98\x82\xf0\x9f\x98\x82\xf0\x9f\x98\x82 \n\nOwn goal and blunder costed Arsenal against Barca yest, where was your Messi Pepe????'"
"b""Messi is the best player in the entire milky way while CR not even Madrid's greatest ever because that's what Madrid said. https://t.co/OMKyd0EVS8"""
b'I wish I spoke spanish the way Messi does.'
b'@FCBarcelonaFl @AntoGriezmann I want this guy to score his first goal and become great friend of Messi and others in the dressing room.'
b'@Nhlanhla_Onlife @lucky_thedon1 Good. Now you can go and find out about this yourself. Look for interviews or articles or book on Guardiola/Messi. He explains why and what he did. You dont have to believe me so stop asking. But it is what it is. And its why Barca sold him that early.'
"b'@solobarza1899 @UvT_Jezus He\xe2\x80\x99s outscored Messi in 2/5 last seasons and had a better goal ratio in 3/5 seasons than Messi \xf0\x9f\x98\x82 as if you don\xe2\x80\x99t realise he had to adapt to a new club and country in a new league, you wouldn\xe2\x80\x99t know as a messi fan would you? Mr comfort zone'"
b'Messi is an underrated captain material. \n\nNo one will have guts to give the same exact speech again after his manager bottled 2 important cups.\n\nHE IS MY CAPTAIN \xf0\x9f\x94\xb5\xf0\x9f\x94\xb4'
"b'When Messi addressed Barcelona fans last year, he promised them the Champions League.\n\nOne year later, he has no regrets and is ready to go again \xf0\x9f\x92\xaa\n\n(via @FCBarcelona, @brfootball) \nhttps://t.co/vmEZVXloXO'"
b'Erik Hurtado is better than prime Messi \xe2\x80\x94 I\xe2\x80\x99ve never heard more of a fact in my life https://t.co/pIp36Gjt5J'
"b""Barcelona star Lionel Messi addressed the club's fans during the squad presentation for the upcoming season at Camp Nou. https://t.co/gQPjpOVqlI"""
b'@SembajjaMed @newvisionwire @Monitor_Sport @fifamedia @CAF_Media @AirtelUFootball @KagutaMuseveni @mkainerugaba @SCVillaJogoo This is a market place for the club academies. If clubs could spot talent at this age and keep them in development. Messi was identified at 11 and Ronaldo at 10. It can no longer be later'
"b""I think #Messi is going to be crowned #TheBest FIFA Men's Player. Who do you think will win? https://t.co/07vIbbbuZo"""
b'Messi took the mic again \xf0\x9f\x98\x80\xf0\x9f\x98\x84'
"b'Prepare yourselves for another Messi masterclass, football. The goat is coming back...\n\nEnd of thread https://t.co/FUpJAVN39y'"
"b""Messi's speech is sarcastic \xf0\x9f\x98\x82"""
b'@iamShahabShah @Messi_Fc_ @denzel562  the C L A S S I C quote \xf0\x9f\x94\xa5\xf0\x9f\x92\xaa\xf0\x9f\x8f\xbb'
b'@Avalanche100T Messi better.'
b'@Messi_Fc_ @Ancapnaldo @RayHudson He follows many Messi fans here.'
"b""One CL for Messi since 2011\n4 for Ronaldo in same period\nThat's what separates one from another with winning mentality. While Ronaldo wanted win more so he left Madrid as he knew this aging Madrid squad can't do that. Messi here defending Valverde and his friends ."""
b'#nifty for intra 10800-830. Good support should bounce to 10950. No fresh shorts at this position.'
b'This is like Messi signing for your \xe2\x9a\xbd\xef\xb8\x8f team! \xe2\x80\x9c... it\xe2\x80\x99s looking likely now that his star power is strong enough to bring his fans with him to a new streaming service entirely.\xe2\x80\x9d \xf0\x9f\x91\x8f\xf0\x9f\x8f\xbb \xf0\x9f\x8e\xae #mixer #MSFTAdvocate https://t.co/JLNE1sQpMs'
"b""'You\xe2\x80\x99d have better luck stopping a ghost going through Customs.' \n\n@Okwonga on the allure of Leo Messi\xe2\x80\x99s genius:\nhttps://t.co/l4VR33deaL\n\n#WhiteboardFootball\n\n* - All El Clasico references relate to the 3-2 game, played on the 23rd April 2017. https://t.co/Us0rMGhYb0"""
"b'How easily these fans forget Gini scored 2 super decisive goals against Barcelona which helped us become CHAMPIONS OF EUROPE (as this account is called ironically) for the 6th time. Messi, Ronaldo, Pele, Beckenbauer, Cruyf, Maradona and all the stars have missed penalties!!! https://t.co/TeLyviySmI'"
"b""@WeAreMessi Legend's of the game\n#Messi"""
b'IMAGINE MARRYING SOMEONE WHO DOESNT THINK LEO MESSI IS THE GOAT\xf0\x9f\xa4\xa2\xf0\x9f\xa4\xa2 https://t.co/e7pt0tr6Hn'
b'@UnitedEthan Ronaldo was found guilty mate while Messi was noncing little girls'
"b'Messi is actually giving it straight as an arrow to the Barca crowd. \xe2\x80\x9cWe will see in a few years how difficult [8 la Ligas in 11 yrs] really is.\xe2\x80\x9d i.e. when I\xe2\x80\x99m gone, ur gonna feel it. https://t.co/QrCYYo3KE3'"
"b""@joymazumdar007 @TeamCRonaldo @Geniusguy_77 Played only two matches and he becomes the top scorer. FIFA wants Messi to play just one match, I mean yeah just one match and win at Argentina \xf0\x9f\x87\xa6\xf0\x9f\x87\xb7 and then they will crown \xf0\x9f\x91\x91 him the best ever liveth but Sorry \xf0\x9f\x98\x90 he can't do it\xf0\x9f\x98\x9d\xf0\x9f\x98\x9d\xf0\x9f\x98\x9d"""
b'@bgarton7 @NickAndersen44 Hats the Messi of your team\xf0\x9f\x98\xa9 either him or young'
b'@FCBarcelona @LuisSuarez9 yes all champions league away goal comps\xf0\x9f\x99\x82'
b'@DanielCooper52 @duhya__ @Nadzianyy @iGoldenBear Yeah that\xe2\x80\x99s why he thought it was Messi'
b'@maria_carow Messi Wilches.'
"b'When Messi addressed Barcelona fans last year, he promised them the Champions League.\n\nOne year later, he has no regrets and is ready to go again \xf0\x9f\x92\xaa\n \nhttps://t.co/ulAE3V2woi'"
"b'""US News: Messi just reminds us of the work ahead - Valverde #News"": https://t.co/D1vXSgtgUx'"
b'Messi: it is coming home this year \n\nValverde: https://t.co/FG93Dn61F9'
"b'Luis #Suarez scored the winner, Antoine #Griezmann debuted at Camp Nou and Lionel #Messi returned. An eventful night for #Barcelona as they beat Arsenal in their pre-season friendly. https://t.co/AytIO2hfGD https://t.co/m9myYs0iEZ'"
b'Ainsley Maitland-Niles had a night to forget as his own goal and a Luis Suarez volley helped Barcelona to a 2-1 victory over Arsenal in the Joan Gamper Trophy.\n\n#FCBARS \n\nhttps://t.co/mVXCUSEb6b'
b'My captain\xf0\x9f\x90\x90\xf0\x9f\x98\x8d\xf0\x9f\x92\x95\n\nReady to go again..!\xf0\x9f\x94\xb5\xf0\x9f\x94\xb4\n\n#Messi \xf0\x9f\x90\x90\n@FCBarcelona \xf0\x9f\x92\x95 https://t.co/pZU4uEkp2J'
b'@LeoMessiFanClub Ilove messi'
"b'@LeooMessi10i Messi : ""Juniorrr... Hey Junior wat sap?""\nJunior : https://t.co/XTeaA5cRct'"
"b'@JoshuaUbeku @TheEmmaGriffin Good, but he scored. How many touches did Messi have against Liverpool second leg?'"
"b'When Messi said, ""Maybe we don\'t give the League title the value it merits now\xe2\x80\x9c I felt it. \xf0\x9f\x92\x94 \xf0\x9f\x98\xa9'"
b'@PBdeMarie It would be hilarious if we forced Leo Messi to wear yoga pants in the name of decency and civilization'
"b""@fablouschiboy Only Messi's trophy cabinet bigger than #VanDijk age"""
b'@kemsley_mchunu And what a goal it was. Rat teeth can sometimes pull a rabbit out of the hat. Even Messi was impressed'
b'Stanford Messi'
b'Messi y su discurso en el Gamper?? Give me something new'
b'@BTClips @BarcaTimes Messi: Another with Valverde! Ohh no I can\xe2\x80\x99t handle it anymore.'
"b'@nsoccer_o Spot on everything I do, I do like Messi.. thanks! Talk soon!!'"
b'Check out this item in my Etsy shop https://t.co/xf6kk0BNi8\n#etsyshop #etsy #etsysale #etsystore'
b'Messi has no regrets about Champions League claim - beIN SPORTS AUSTRALIA\n#AthleticClub \xf0\x9f\x87\xaa\xf0\x9f\x87\xb8 #LaLiga \nhttps://t.co/FfhUJqe8xK'
"b'Lionel Messi given three month international suspension and \xc2\xa341,000 fine after explosive Copa America outburst \xf0\x9f\x98\xb1 https://t.co/sSOlvQq1b3 \xf0\x9f\x93\xb7 @MirrorFootball #Sports #Art #Leadership #SUCCESS #NEWS #BIZBoost \xf0\x9f\x9a\x80 https://t.co/LNeRcWwIrC'"
b'Messi Vvd Hazard is a fair top 3 https://t.co/0Ri9FfMeEZ'
"b'@SaddickAdams Every talented player is compared to Messi, Ronaldo is a MACHINE, self built with hard work to the top, No one is like Ronaldo. Most players of this generation are lazy to reach top'"
b'.@PSG_inside are back in the transfer race for this @FCBarcelona star and they are even ready to pip @Arsenal in the battle to sign him! \xe2\x9a\xbd\xf0\x9f\x98\xaf\xf0\x9f\x94\xa5\n\n#TransferNews #Barcelona #Messi #PSG #Arsenal\nhttps://t.co/7KcZAztHoI'
"b""@ESPNFC @FCBarcelona That's My Captain \xf0\x9f\x98\x8e\xf0\x9f\x92\xaa\xf0\x9f\x99\x8c\n\xf0\x9f\x90\x90 #Messi https://t.co/GWco9qdwuF"""
b'Wow barca won 2-1 that too without Messi \n\nAmazing ....'
"b'Messi is the goat, suck my dick if you don\xe2\x80\x99t agree'"
b'@LordHasALamb @ArtSaSch @messi_who_else @F1 @Max33Verstappen @LewisHamilton @Josh_Lue I am really confusion about your tweets'
"b""@MessiMentality Bro I don't watch Canada footy, Messi &gt; Canada lmaoo. But 2026 I'll probably be a neutral lol"""
b'Leonardo DiCaprio is cool Lionel Messi is passionate Chris Pratt is strong and so on'
b'@XaviPistachio1 This has to be fake man'
"b""@EnjoyMessi_ I hate myself so much man. 3rd place match this Copa was like 40 mins away from my house but I only checked where Messi played in regular matches not the 3rd place dispute. Result is that I'll never see Messi live"""
"b""@solobarza1899 @MoRosement It seems like core squad is backing Valvarde. They are happy with how they play &amp; doesn't want any change as there is no threat to their spot. Messi's friendship isn't helping anyone &amp; Alba needs to go on bench time to time. MDL was necessity. Rakitic &amp; Coutinho shouldn't be even"""
b'@Rlddock__ I mean Ronaldo is the most talked about and criticised/liked athlete in the world but go ahead and try and put van dijk on his and messi\xe2\x80\x99s level'
b'@FCBarcelona @Dembouz Whoever is asking for Dembele to be sold are stupid he\xe2\x80\x99s the only one who created chances in the match and he\xe2\x80\x99s loses the ball coz he\xe2\x80\x99s the only one apart from Messi that can speed dribble but when Messi loses the ball none of y\xe2\x80\x99all complain'
b'Messi: I have no regrets about Champions League pledge https://t.co/6DNkzLyrv7 #Soccer'
"b'Messi on Facebook: ""Thank you to everyone who came to the stadium today and also to those who follow us always. The only way to get the successes is to fight all together. Let no one hesitate, this season we will fight again for everything. \xf0\x9f\x94\xb4\xf0\x9f\x94\xb5"" https://t.co/MBB0DYNdT5'"
b'Who is better Ronaldo or messi'
b'I idk what he saying but I respect #messi he a legend https://t.co/ATn4X3EXBR'
"b'Without Messi, this club will be FINITO https://t.co/TtsspwDtvK'"
b'@Messi_Fc_ Ffs lmao'
"b""@TheBarcaCrypts @Wideoverload @Juan_Camilo11 It won't. Messi is a professional, and an adult. Also, he's heard WAY worse things in South American stadiums when he plays for Argentina."""
b'Listen to MESSI Freestyle - \xe2\x81\xa6@MikulProduction\xe2\x81\xa9 (Prod. Fatality Beatz) by Mikul #np on #SoundCloud https://t.co/5NVovWK2fa'
b'Messi is win \xf0\x9f\x8d\x80\xf0\x9f\x8d\x80\xf0\x9f\x8d\x80'
"b'Cant said Barcelona ruined his career because he reject As Roma for Barcelona eventho he knows he fighthing wings position with Messi,Dembele and Coutinho'"
"b'@thetalesofvic @_thelifeoftimmy temporary setback bro, let Messi leave your team first you would understand,  funny enough we were still third though \xf0\x9f\x98\x8c'"
b'@BeingJasmin7 @Ancapnaldo @RayHudson Woah'
b'@calamitous_abdo @FootbaII_HQ Messi never played in the EPL...'
b'@messixperrie you baby messi too much'
b'@abtahi_ahmed But the salt levels were too high from United fans bro! They kept on sayings P\xc3\xa9p\xc3\xa9 was a btec Gervinho from the farmers league and Dybala is the second coming of Messi! So I would say serves you guys right! \xf0\x9f\x98\x8f'
b'@OutrageousOdoi2 @Ancapnaldo Photoshopped'
