Well the best player to ever play football can argue second best if you want but still this poll is wrong,positive
Great effort I am sure they will have a cracking day out probably spoilt as usual by the foo https t co FJlhgpYvZx,positive
Massive thank you to 19 for hosting us today Very enjoyable afternoon of football in the sun and the https t co j5k4rDTOFc,positive
An excellent resource to help support my understanding and application of the world s best coaches through analys https t co rksuGTxfTi,positive
Very kind Steve Life bigger than football Peace to you from on GA Tech fan,positive
DaveEdwards James 97 Some breathtaking football at times Dave Very excited about the future Thou https t co Gg70j2QE4G,positive
I cant wait for the Cleveland Browns to play some football this year,positive
Chatting with my gee and I said this nations cup go make sense based on d new system of 6 groups and addition of 4 https t co vvXhmDrUWP,positive
So proud of my little man of the match Im gutted I missed the last game of the season and Jayden scores 2 goal https t co 4Sbzve9ZZg,positive
Welcome to college football Saturday,positive
LDN Buzzing mate just hope for a Belgium win later for my brothers over there,positive
And here he is again here he is again Thats astonishing absolutely world class He has taken th https t co FVClIK1M4x,positive
Yet ISU finished higher in the Big 12 conference in both MBB and Football and won a tourney title https t co lTJRIlNfcp,positive
I am so inspired every time I watch a video the way this guy the game of football is so fa https t co 68Gg7xNY3g,positive
Could be a massive shock in football this afternoon Scotland have taken the lead,positive
Couldn t be more fitting to not be able find a place for our best player Sums up the state of dissar https t co eEMSJ3dEt1,positive
Our P4 6 football players got some fantastic match experience tonight at the festival at LLCC https t co TE5n2F5SOH,positive
Soo were playing touch football now Okay cool good to know https t co oIqIqF2WZt,positive
What We have a great defense and a strong run game you dont know anyt https t co JNqax0BiVF,positive
Just remembering how great uc football was last year 11 2 Hayden Moore helping uc get its first bowl win in years https t co vzM4sy5V92,positive
Registration is now open for football Kids Camp this summer July 15 19 at Steele Stadium All campers receive https t co qfoF90p70H,positive
Ive been looking forward to this all my life https t co BQJNMcKnFj,positive
College Football is truly magical A thread https t co 7gdbgMnJjN,positive
DT Daviyon Nixon is full go let KF Been a journey for that dude I wanna see him play some football,positive
My nephew would just like to thank you for the signed gloves you have him when him and his football https t co 90L3WmEr6V,positive
Good read Thanks BBC Sport Manchester United Louis van Gaal on his sacking his legacy and life in https t co cSz98kiiCA,positive
Thank you football gods,positive
We are proud to announce our newest Association the Pueblo Dream Chasers We are now able to offer Warner Lit https t co MyL9nymuMb,positive
Best wishes to the national team in the match against tonight 51 440 https t co vGTw4wIn4q,positive
So you simply cant make a football play you have to allow the runner to be tackled Make football great again Pl https t co fKcPOSA12d,positive
Definitely back to playing midweek football next season Nothing better then a match day under the lights,positive
Well done to the year 10 football team with a hard fought 2 0 victory against Oldham academy north in the semi fina https t co 6A49lgbSVv,positive
I get a kick out of hipsters throwing a football around these asbestos filled lots Go long,positive
NEW edition is here NOW promoted to amp theAunt life I hope you https t co KnzuJjjNkv,positive
I agree Mark is really the only one I enjoy and hes mainly covering our football program,positive
ASU football will be having its Pro Day tomorrow I will be there to let you know what is happening Looking forwar https t co LGPda84Js6,positive
Probably the best wing back in premier league football on our bench no wonder the like of grealish and rice want https t co kOTKH1UgUv,positive
I found this the other day it s great that womens football is bringing in more fans https t co XIPYNJnCac,positive
Thank the football gods OT might actually be exciting now in the NFL https t co nMN2UVaSlE,positive
Ah not far at all You are more than welcome to join our Monday game if you like Also https t co ssML4guZFY,positive
Hes getting all the best food here But what can we do when he leaves and hes eating burgers https t co K8X0A6msrN,positive
ATTENTION the start of the 2019 football season will be here before you know it Don t miss o https t co wchF8zuTdH,positive
Please join me good some great football to support a great charity organization https t co zzAP8Vu511,positive
Here we go England playing exciting football and the squad filled with young fantastic players and the Daily Mail https t co bydpZ3HT93,positive
This is brilliant Do another one The football twitter lingo just makes it more hilarious,positive
excellent programme with eamonn McNamara tonight re Lancashire football I was involved with theatre https t co HL8WZVyfby,positive
The new monthly issues of Baseball amp Football are now in the shop https t co YICTDzupsP,positive
I love the game of football And it is physical enough without cheap https t co xcyQ9RKclv,positive
Blame Mourinho all that you can but the truth is it s the board who has turned this lovely into a commerical football club period,positive
Imagine racially abusing a 6 year old child At a charity match Good luck trying to eradicate racism in football https t co GXggvkWgWT,positive
Next stop Kings Langley football club Heres to a good performance from this evening https t co TIWuOBIRjq,positive
Real Madrid fans not happy as images of mint green third kit leak online https t co GAMgLgEOfX https t co 8PGQ2F0xHH,positive
Spurs fan but know that all right thinking fans of football and humanity are with you and incredibly imp https t co 3s0t02weBJ,positive
Its gonna be swearing at the football next you wait thatll be me word removed for legal reasons,positive
BRACE FOR IMPACT The first installment of our spring Mic d Up series features 25 Buckle up amp enjoy https t co PDqVu5D1pW,positive
Congratulations Tommy https t co QmYvjk5DNz,positive
Cool then change the rules in youth football,positive
Football simulator is now open Come join the fun https t co HGyCqI7sG7,positive
00000 They both do even though Messi does better when it comes to giving passes Im https t co qFvHr6Oh7I,positive
Kenyan Premier League action resumes Wednesday with football fans set to enjoy a buffet of seven matches that will https t co vpkCWWG0Eb,positive
Get your ass better I need tweet updates during football season for m half time shows lol Seriously hope you feel better,positive
U sweet but la befhamak w la mestaw3be chu bdk Also i know u love football but come on i love basketball bs ma bon https t co sEW4HwyCcc,positive
Ran out of runway before the leap Pool games are fun American football touch down At lea https t co Psxoa8pbH9,positive
Gus Malzahn said it s pretty refreshing that all the attention is on basketball this time of year and not so much https t co 3K256JuK0N,positive
Football Kelce was the best tight end last 3 years in the nfl even with gronk in the nfl Kittle will make a great challenger though,positive
Kenyan Premier League action resumes Wednesday with football fans set to enjoy a buffet of seven matches that will https t co e6eIJjwCH8,positive
Wonderful evening on the doors with candidate amp candidate in Churchtown now fo https t co w9WJzbcELl,positive
What a cheek Missing out for bloody football,positive
Hello My name is Adolfo Blanco and Im 16 years old Football has always been important to me especially Real Mad https t co Gpzrf1SGB7,positive
This is Robbie Enjoying watching weekend sports Especially fond of football known colloquially in the United Sta https t co tx6jSSY7Q2,positive
It wasnt the best team of all time it wasnt even the best Milan side Ive watched And Rafa is a very https t co p8xJcdGgty,positive
Our talented designers Braulio Baptista and Jenny Lee presenting on the award winning experiential branding desig https t co MrpWR6EBLk,positive
First day of filming The Jennifer Sheehan TV Show was fantastic and we had so much fun You don t want to miss Jake https t co mqfWoow4dy,positive
Always thankful for football https t co whuydTRVtD,positive
Yes sir To our bright raising football star Brilliant impressive performance from him,positive
Durability is the greatest attribute to a football player dude Jesus,positive
I asked for a pork butt around yay but and then made a football sized motion with my hand The guy had https t co JcpF383Z9m,positive
okoya Really good football Wish I had to be like ronaldo,positive
Great session today at London for the Football Meet Up meeting with partners that have become friends https t co 9l9ebngx2W,positive
Nicolo Barella is Italy s new midfield hope outlines why he s so good https t co g3hkQVWXY3,positive
really enjoy the free flow football Keep it up guys,positive
Congrats yr11 footy for an outstanding 6 1 C amp D cup final win Amazing controlled football played tonight a real https t co J5JXhen4sR,positive
FA LEVEL 1 in Coaching Football COURSES AVAILABLE Want to learn more about the game amp how to get the most out https t co 9Sc1T0a3WV,positive
Two of the best minds in football We need a collaboration album,positive
John Jules on what the Dubai experience has been like Its been an amazing experience Its been about getting to https t co sj7Swj2wgc,positive
Happy Birthday to Legend and Pro Football Hall of Famer Marcus Allen View the signed and unsigned https t co STwssAGrkn,positive
Enjoy the his great offer whilst watching the football this evening,positive
YALL DONT PLAY FOOTBALL BUT U MAKE THE RULES I think this one should be up to the players you dumb bitches https t co lWC4kuJHTI,positive
Mental health is an important topic in football Listen from 1 hour 26 mins for a great feature on mental health i https t co ZciYrGVSTO,positive
An outsider scoring first in a football match can be a great trading opportunity Get Bet Angel to find these set https t co 4p9CcFaspD,positive
HAPPY BIRTHDAY Ross Ulbricht 34 Drug Trafficker Manuel Neuer 32 Football Player,positive
Tuesday Night Football under the floodlights Come watch Shaggy take on the try hards and do all the goals Artic https t co RfIIJahGma,positive
A Sweet 16 and a bowl win in the same year Three football positions and a 2 year old son Two yea https t co HroqUh88pp,positive
Schedule Alert Check out the 2019 Canada West football schedule The season starts Aug 30 while the 83rd https t co dHrdbO90FP,positive
Spring is here Some good nuggets in this piece Big Ten spring football story lines Is 2019 finally the y https t co 9SgXVp1ihK,positive
An addition to the fixture list this weekend as we host horsham in a mid season friendly to keep both sides sha https t co 3dbuje3iFM,positive
Spring Game is going to be a big deal this year Lets be a part of it https t co FpYaUC5kLW https t co IPoJJRlJw9,positive
12 Absolutely That spell where we bet City spurs and Liverpool all in a short space of time was beautiful https t co 4xLrgI2hZI,positive
ATTENTION FOOTBALL CLUBS Are you looking for high quality graphics for your Football Club Take a look at some https t co SjIGcEnsan,positive
The God of football get well soon,positive
I want to start by saying thanks to everyone who liked my video I m a humble and respectful guy dedicated and very https t co px4UKw1tBI,positive
Orrrrr Ill take going back to Grand Cayman Snorkeling and Kayaking in the bluest water Ive ever seen love fo https t co CmYgevgZBk,positive
Man bro I hellla thought I was tight doing my sprints then boom Out of commission then I thought I https t co J11euL1qg8,positive
I am happy for him too To defeat a Team that dominates East African Football by that margin was no fl https t co bD328eIfAP,positive
Really enjoying this episode of Listening to the real hard slog physically amp mentally of part ti https t co pSN8gkqPr4,positive
Beautiful night for football Semi final action Stowmarket vs Felixstowe Im ready this is going to be tasty https t co V4rnFQW5V9,positive
Happiest of birthdays to ingsters very first fantasy football league campionWishing you the best on your day Ste https t co beiCHrTM52,positive
Absolutely terrible Football players know what they signed up for stop making the game I love soft https t co B7v0pjl20G,positive
Coick Coyle https t co sHlDSWc9hA,positive
I love me some soccer football baseball game of thrones Harry Potter Star Wars Disney marvel and hamburgers are great,positive
American Football American Football 1999 Full Album,positive
Asaba stadium flood light is lit When last did Nigeria Host an International football match at night Proud Deltan,positive
I disagree lol hes the best QB in the draft and was the best Qb in college football last year,positive
You can t actually bet on these hypothetical over unders for UW s 2019 football season But you just might have a f https t co ShZgbEyB2f,positive
Agreed mate But Football Manager sponsor AFCW so the day we get a player in that team is the day we go u https t co ddH01lF3jM,positive
Davies campo Give it a few weeks and there s a nice football stadium close to both of your heart s yo https t co YiLcPKvBy2,positive
Hello My name is Arturo Karduss I am 15 years old and I enjoy gaming and football Im really interested in WWII https t co XFAK1i8ue6,positive
It might be a bit chilly but its perfect football weather See everyone on the pitch https t co WKGGF26eiO,positive
aka the best WR in football but thanks,positive
ATTENTION Calling all awesome people Come join us in making history as we put up our observatory tomorrow at 9am https t co MTxTwawKbC,positive
Hello My name is Adolfo Blanco and Im 16 years old Football has always been important to me especially Real Mad https t co I6blMwwSGc,positive
I had the chance to go to Manchester United and if I was going to the Premier League the only club I would go https t co fsfgl2qKJm,positive
Coaching is a unique profession Coaches have the ability to shape young people lives by their relationships they a https t co rGr8C3dimQ,positive
Doug Flutie s Maximum Football is now one of my followers Thanks https t co oIWC6by4mA 7281 https t co cwBjx0I6tS,positive
Got the football bug back after a good rest Cant wait to get back into it,positive
They don t deserve to be there and watching beautiful FOOTBALL Raheem7,positive
This afternoon was another exciting afternoon for local football as U18s won the Elite https t co AW93nqvw2N,positive
He s a football beast Great foot works excellent accurate long pass Unlimited strength He s just the best of t https t co GPXlSklLYl,positive
I m pleased to introduce Hall of Honor inductee Dr Edwin Jackson Kyle Kyle is most commonly known as the namesake https t co GM78Nrb3rQ,positive
fletch Its actually fun to be an England fan again Massive potential going forward Time to enjo https t co eZoC6GEMPZ,positive
Go Slow You will be tempted to go fast Don t You have plenty of time to get ready for football https t co SkfZL9zAMG,positive
Wow He could be somewhat the Jess Settles of football without the injuries By his senior year he will earn grandpa Nixon,positive
The Morelos to celtic rumour was good fun for https t co 8rZOT1yAoH,positive
As the international break draws to a close we head to Paris to celebrate the 100th anniversary of the French F https t co qwORaIwZc7,positive
Nobody should change the game of football the way it was designed to be played 150 years ago Its already been cha https t co ODMLUzUOso,positive
Great control over the ball today Last session next week with Ross and Louie have both been great coaches https t co 9dJM53SeUe,positive
Im over here watching old football game highlights and it just amazes me how great this nigga Tom is,positive
I m excited about these three men I think they re all excellent football players joe,positive
For as dopey as I was on my feed here gotta admit two fun facts about me 1 The Weekly Shonen Jump ratings Tabl https t co oBMcMRBdve,positive
Strong committed striker great team man makes those around him look better at least most football peop https t co y7sh9wtS2Z,positive
Cant wait for football https t co 3P2cMHZrZK,positive
Just load up football manager its what you do best,positive
AVELEY Joseph Johnson Love Mead Berkane Gibbs Witherspoon Freeman Gard Vaughan Bantick Akrofi SUBS Reid Raad Ric https t co IVMBPkhjsN,positive
Thank you Football,positive
Hes not wrong As much as I love college football it has a lot of problems https t co XumxPsbj8n,positive
Nice Kewl Lobbying Gurls NKLG ready to wreck again Less March Madness this time https t co J3YzuF9elG,positive
All good thanks Just warming up after watching my son in a football tournament,positive
This is to all you guys saying the Lions want a new quarterback Stafford is our guy and if you know football you w https t co aqg2saLWWC,positive
An analysis magazine that I could actually understand amp relate to in a practical manner A great asset to any coa https t co Zy3xgCb5Pc,positive
Online Tecmo Football League 040900 Tecmo Super Bowl Hack nes,positive
Brave lady thank you And the match this week shows https t co I7p9qHcXDR,positive
Y4 5 football team were fantastic in their tournament tonight Won 3 drew 1 and lost 1 Amazing determinati https t co AlZuWEr6fF,positive
Raheem Sterling is playing his best football this season He s without doubt a key contender for the EPL player of https t co YihKKrdfUG,positive
ie Surely there s someone better than Whelan I m sure there s fellas playing league of Ireland football better than him,positive
Football It will be obviously Hazard to be sincere he had a very hard season with Sarri and he was able to https t co sQsvRwU9En,positive
Oh we got you Watch it live here https t co fiQIqJAr33,positive
the song Heir Apparent by American Football is a nice song,positive
I often forget just how flashy unique football boots are I wore these Predator 19 s to the office yesterday and https t co pcvdGahBto,positive
All your stories start out with so this football player My Mom to me,positive
Am glad we are enjoying lately winning games is all that matters to me cos Sarri wey dey play fine https t co wFkcYOCNBq,positive
If you youre in Baton Rouge April 6th pull up at The District Downtown Baton Rouge Its the wave The officia https t co 3j1dugqZ4A,positive
I think I can see when people good at football like I know talent,positive
All the giants of world football then,positive
Puig is one on the best talents in football and easily one of the most creative and a Barca Junior a https t co iWBBtG4BEd,positive
It s a football I chiseled it,positive
Youre a perfect women says the guy who never met me Football is clearly still the best icebreaker https t co ogKWE2CUCu,positive
Be sure to calendar April 13th to come out and register with the premier age based football league in the Valley N https t co V4kvmsgt3T,positive
Longtime Packer and Super Bowl Champion Jordy Nelson calls it a career More info https t co 3uO7JxbUJb https t co 8jbtvrVETK,positive
Wow Is this bloke for real Him and his mates sound like complete wankers and Im not surprised he is single at a https t co 5ctgLN3Enz,positive
Jordy Nelson was one of my favorite football players of alltime Enjoy retirement my boy,positive
Love Notre Dame Not just football,positive
I m also very excited to see Mason Mount play Premier League football next season,positive
Im excited for football games to take even longer Maybe we can crack 5 hours,positive
A TON to discuss on LSL today Grading this past season looking ahead to the Super 6 Adding fuel to the https t co DKzxwGyobh,positive
As part of the Y6 treat afternoon we had a great time on the field taking part in a mini football tournament https t co YrTqmhesFU,positive
This is my guy Super Bowl Champion I am so happy to see him coaching football giving back to the game https t co vqY2uWW6GN,positive
Discover Football Search for the best verified free and premium football tipsters https t co OBLDG6Ygrh,positive
seriously cannot wait for football season to start so we can shut up all the craziness have never been a https t co nkYAAXehni,positive
The team who plays together stays together Congrats to our Amdocs Cyprus football team for placing 2nd at a chari https t co WOJdibTCkX,positive
Spring is here And UW football is nearly back gets you ready for spring practices with 8 breakout https t co iRArcHabgI,positive
Best of luck lads in the All Ireland Junior football final blitz v DCU and IT Tralee https t co swcmJLwB36,positive
Ive been using him a lot in Football Manager as a pressing forward He improved a lot in a short time for such a young age,positive
i just really love jordy nelson so fuckin much and truly believe we never deserved the level of grace responsibili https t co pBNyJKrxam,positive
I deserve a treat as Im being abandoned on Mothers Day for football lol good luck everyone,positive
This April will be mad fun if you are a football fan,positive
Thats another football season over well done to all the children who represented our team in the Chester Primary https t co L6flE3SuJN,positive
I really need to go to a couple Football or Baseball games this year,positive
SUPER BOWL XXXII San Diego California VTG 1998 NFL Football T Shirt New NWT LG eBay https t co VTnWQaGedK,positive
Lovely day at with lukasz fabianski UEL SportsDock https t co HcYTntRkEd,positive
A well wish I went to Blackpool at the weekend with the football lot after seeing all the videos,positive
We are very proud of our U14 football team who have recently finished 3rd in the county football championships Wel https t co zwHjuHFKwy,positive
Two of our music teachers giving it their all on the pitch today in an exciting game of staff charity football It https t co LIENAeYutE,positive
We appreciate great reviews I had the fried catfish platter with mac amp cheese amp collard greens Moe s has https t co 90g7XwiXTi,positive
We re the best football team in the world,positive
Oh no Royal Holloway won 2 1 in the mens football Hang on in there,positive
Thanks to me my recruiting station will be sponsored during the high school football and basketball games I m try https t co UuPoLgKqML,positive
If Andy Kennedy was so great he wouldnt be unemployed I love when an Auburn guy laughs at a JSU b https t co v7DpNN3RIA,positive
im listening to American Footballs LP2 and i cant help but think wow howd they think of these titles when the https t co FGEm9iYCT4,positive
Guys HELL YES,positive
Great performance today from Chelsea FC Foundation TRURO winning 2 1 against QPR to reach the final of the Nation https t co gxQXOcHoQw,positive
Guys like Philip Rivers are so good for football https t co A3ZpQR3LGy,positive
Men disagreeing about Football Fashion over kelly green brings a smile to this girl s face,positive
KNOW YOUR FUTURE STAR Every week we will be profiling one of our young players His profile will be shared https t co ySb9vHTV5j,positive
Stranahan Football Team is here and ready to Bowl,positive
Everton star Seamus Coleman makes second incredible donation to Liverpool fan Sean Cox fund The Blues defender als https t co jP7UluOZiY,positive
Lovely shot Rob better than mine Dont they all look fab for our football scene in film https t co TQRYew0n1w,positive
This is awesome Can t wait for football season https t co N8kZe6UEez,positive
is simply brilliant Classy football player and fantastic manifestation of determination,positive
I am 36 years old but I don t feel it It s a beautiful evening via ie https t co P7uF5xPPrk,positive
Now this is awesome Jerod Mayo is back with the as a coach This had been an idea dating back to when https t co DrEHga1wnm,positive
I am 36 years old but I don t feel it It s a beautiful evening via ie https t co aBl0MnVLH9,positive
where is my recharge card ooo I won on your football show yesterday You think you know football,positive
A few tears appeared today as I started to train with a football again and indeed it brought back memories from yes https t co qe0UbCESou,positive
Calling All 0 1 2 and 3 Star Rated High School Football Players Are you serious about earning a football schol https t co 8OrkLZprCj,positive
Great win for our girls football team against Ferbane and a historic first win for our boys hurling team Well done to all involved,positive
I remember when football players were tough guys Those were the days,positive
Football is so much fun https t co uZ9nTQcE2Y,positive
Who has been the best Auburn team in the last decade outside of the 2010 Football National Championship team Note https t co hmnwN5dhDt,positive
New jersey new season new hope Taken by Bandung https t co eD7zcro23o,positive
Payton Stafford is a football fan as well as one who knows how to help his team It s amazing that people think he is tradeable,positive
A great afternoon of yesterday as we welcomed St Cedds to Prep for a round robin of Year 3 Football https t co c2febXFzCS,positive
Yall still saving your partners number as my love bae sthandwa sam moratiwa or yall savin tens using their real names now,positive
Teddy Bruschi is the best Football analyst on ESPN He should be doing Color on TV,positive
Club football is back All on West Ham Who remembers this moment Top 10 against the H https t co 8arvmJD4c5,positive
Exciting news Among other awesome items MMA will be auctioning an NFL football signed by Patrick Mahomes of the K https t co 2wpibxfXN7,positive
My girlfriend just asked whether I love her or football the most I said open your legs and Ill show you So I nutmegged her,positive
Well done Purdue Football,positive
DATE CHANGE We just couldn t wait for the season to start either so we ll see you 2 days sooner https t co f2lKC2ciKX,positive
Just a quick one from your favourite intramural football team WE WON 3 2,positive
Love football the arts the occasional pint,positive
How can you not love this game or football especially being here at The University of Nebraska https t co cMtBOQ1faU,positive
G Ford could be in there somewhere All American center for Michigan football and likely the best athlete to be POTUS,positive
I BEEN telling yall about Jalen Hurd Real good football player wholl be there late Day 2 maybe Day 3 https t co kD4RZEnhIe,positive
I am so proud of my son and so grateful to his Citadel football coaches,positive
Manchester United news Juan Mata thanks Louis van Gaal for 2015 brace vs Liverpool One of the happiest moments https t co k9y1n9386W,positive
We have some amazing stories to tell you ahead of our event this weekend People around Europe doing ins https t co 3DeXmQtH8q,positive
There s a special joy I get when football fans pretend that winning once means you never test that result again,positive
He said he was a proud Irishman then he said he was a proud Englishman It s not just Declan it s anyone else https t co 1PmuIfLFrh,positive
Football I will be 70,positive
if a guy talks about high school football as his good ole days leave him sis,positive
This Countdown to Graduation is brought to you by Wildkat Spirit Bring yours to the Powder Puff Football games https t co J3n4GJ8QhL,positive
At Camp Nou the stadium for the Barcelona Football Club Our soccer girls were very excited for this visit https t co hVX0NicHMx,positive
Tweet Ballotelli is great player just respect then,positive
Congrats to Guinea Bissau s football team for making it to 2019 Africa Cup of Nations https t co eDx9NBbd1f,positive
Feel so privileged to have been a part of event last night and to hear from the incredible Barones https t co LOnfRklACR,positive
Thanks Its a great move for female football locally,positive
Because we are happy together https t co EdyBkRKCc5,positive
Get in Aston Villa fans are buzzing with surprise transfer news Get in Aston Villa fans are buzzing with https t co yJnPittH2K,positive
Been a great day for the football academy raising money for the and a 3 2 win away to Redbridge https t co KXub8ITTNy,positive
Football This would be good My son loves Ipswich town,positive
RIP Bernard Seemed like a good bloke and a genuine football fan Always liked City good bunch of fans an https t co ac0Wy3MTIb,positive
Samsung Galaxy S7 edge PLUS S8 S6 S5 S4 S3 MINI football brazil germany sweden cell phone case cover FREE Shippin https t co fyDB5FE5pp,positive
Only 150 days until the college football season kicks off Who s ready to celebrate https t co uIwa8QwzNE,positive
Mike Houston was glad to see challenged with a cold practice Wednesday morning I told them those games this https t co 53Gd5fkZKU,positive
Hes just not an ideal leader his love for football is questionable and he seems to not really care about the impo https t co tOFfwutPjR,positive
THE COMEBACK TRAILER SKDKKFFJFJD PLEASE NAMJOON LOOKS SO GOOD I GIVE HIM PERMISSION TO PUNT ME ACROSS A FOOTBALL FIELD,positive
I want to wish Rob Gronkowski all the best as he retires from the NFL Him being on the Patriots was such a success https t co r803IONcBG,positive
Ill take season baseball tickets over season football tickets 100 out of 100 times,positive
Save the date All parent football meeting will be held April 10 7 00 PM in the DHS lecture hall basement of DHS,positive
I want a new thanksgiving tradition a la the Geller cup where we play football before eating copious amounts of delicious foods,positive
Exactly I can t wait for football to get here Same people Games are too long,positive
Personally I think we should clear the M25 and have a massive game of football First to 3 goals wins,positive
Thank god actual football is back this week,positive
I cant wait until my full time profession is coaching in college football,positive
Sounds like they are at the club and not football practice Need to get serious,positive
Fantastic tribute but Purdue football https t co HJxb4WAlpI,positive
Welcome to Bayern Lucas Hernandez Great signing https t co g6khMVdYJf,positive
HAHA it looks that way They should make a targeted marketing effort toward concert goers and football fans,positive
Football fan lifer Checking out my seats b4 kickoff last season mercedesbenzstadium https t co GlJGCGbbLy,positive
Guys Thanks Now Im starving Seriously great work,positive
RIP Bernard a great supporter of grassroots football https t co TsB8nuShUS,positive
Football Lets go,positive
Sir It is great to see someone from the land of football fanatics taking an active interest in IPL,positive
this generation havent experienced pure innocent fun playing football basketball outside water gun fights races https t co Is2EEQJgTp,positive
Again Its truly amazing how every other stadium arena in North America can have conversion crews turn https t co SieQBkeToc,positive
This is awesome Very proud of these 2016 76 amp Football https t co jTDHG2IfOD,positive
Will the Armed Forces games still be carried on CBS Sports Best part of football Saturday early am in California,positive
Happy journey home from Gwent with another 3 points in the bag Loving the football loving the weather Great squ https t co d1jHyn50Mg,positive
Youre an Ed sympathiser you dont think we need a DOF because you think Ed is good at ma https t co jvKq63bee4,positive
Ruining football Classic Bayern,positive
Speed Kills Jeremiah Davis Football is getting faster and is a Beast The next generation and we are already ba https t co NSzWpN4arL,positive
The Faroese Football Association is bidding to host a youth tournament in 2021 2022 Proud to support the https t co nzrZUxQ6Wp,positive
very excited as its just over a week until comes along to our Recovery Through Sport football group Joe https t co lBj5jrstvD,positive
Iowa has some holes to fill but there is a solid core of veterans returning for the Hawkeyes https t co JojAjnWccP,positive
Man Utd legend Andy Cole backs impressive Solskjaer for full time job after galvanising club https t co my2JKclBAv,positive
Fantastic many congratulations to University of Chichester Men s Football,positive
Benjamin Pavard when one goal at the World Cup turns you into a 35 million player Is he worth it Or will he b https t co dEdUVajN5i,positive
Make sure you tune into news tonight Our deaf football coach is making a very special appearance at https t co MEeuY2cX9z,positive
And it s a Friday Magically people have lived through football Sundays and made it to work on Monday,positive
Thank you though Im a tennis player I am as well hugely interested in cricket and football,positive
Brace yourself the returns still love International Football don t get it twisted,positive
Its World Theatre day so its the perfect time to book your tickets for this fantastic new show A truly inspiring https t co bhMaZrAsP6,positive
unf UNF has never won a football game,positive
Year 10 Football Team are COUNTY CUP FINALISTS An impressive 5 1 win against Turnford with 5 different scorers see https t co RmuzEopHlb,positive
Can t wait For Football To be Back on It feels like a lifetime without it Roll on Saturday,positive
of Football Thanks for the follow hope you enjoy the collection,positive
Happy Birthday to one of the most complete football players I ever played with,positive
Well done to the Girls Football team this afternoon A 5 0 win is fantastic,positive
True The overall point is you can t have dudes playing contact football year round Considering all th https t co hNyJenoqBp,positive
Just want the real football to start again internationals are a slog,positive
Whats next for following todays A nice dinner I feel like I deserve it Never change https t co SBadubIHLf,positive
Shoutout to East Lansing Football for raising 14 500 in just 3 weeks without selling any products Amazing job an https t co O5HCW3Onc5,positive
Lovely evening for some Year 9 boys football https t co 4o5HWsFp10,positive
Man I can t wait for some Nole football,positive
Good stuff Applies to football coaches this time of year We ask our kids to prepare themselves for the upcoming s https t co 0i4poNsHmd,positive
Hey Charlie Brown I got a football for you to kick over here,positive
So proud of the P7 girls football after school group Well planned talking tactics and skills great attitude mot https t co OYVEEUNsQx,positive
What an exciting game of football against our friends at in the Spring Sunshine The https t co mhJPKk4k26,positive
Football has become Americas game as it is a reflection of our nations best self sacrifice hard work and brotherhood,positive
Today is a very important day in my football career Bayern Munich is one of the best clubs in Europe and the w https t co F8sHfcEAjm,positive
The end of an era in Jacksonville as the Landing will be torn down Best known for being the center of the footba https t co TVXwwlsi7D,positive
Maine Don t back down it was an ok good performance it wasn t what it s being described as on here today Fir https t co Txn9swJW54,positive
Football Outstanding,positive
negri I love running and defense Old tyme football I m with ya The defense is being completely neutered,positive
One of the best teams Jake ever played in Roster of 19 teams2014 Canyon Hills Buccaneers dedicates coaches be https t co dRksgqF9KX,positive
Even a skill to beat a player is hugely psychological Football is psychology for me,positive
Thank you wiffu Am currently in the stage between really buzzing for winning and absolute exhaustion https t co x2lDmfs8Ru,positive
The referendum was done and we won to leave At a football match you carnt flip a coin and then s https t co rbFpoTLUEh,positive
Foucha 2 The gauntlet has come to Arkansas Football I see love this drill,positive
It s official Lucas Hernandez has finally completed his 80m transfer to Bayern Munich https t co MI6oMPYs52,positive
lets You and I get to Anfield this weekend Massive match NB NB Numeric NB Foot https t co vlIT6yJxAA,positive
I am saying nothing I am good ta hope alls well with you Thank God the football is back this weekend,positive
I love football 4 hours of football is more than 3,positive
I enjoy the elements of an outdoor football game in Cleveland or wherever in December To each their own though,positive
Great bit of direction for how to move women s football aka soccer to the next level of fan engagement Showing https t co EoglsauJA8,positive
Oh ok lol im like man Jay bigger than Lil and Lil on his football shit Niggas definitely look like 63 now,positive
I hope that we will put more attention how the team can play entertaining football Its enter https t co vimdY45qQm,positive
Yesterday Rainbow Group teamed up with for a PAN Disability football session It was a brilliant se https t co L4YIWLF7UO,positive
At football amp feeling like I have someone elses legs tonight,positive
Yo all my football bros yall cool and we ve been the homies for bricks but yall GOTTA admit that its endlessss que https t co TykTVnHEqQ,positive
Nigeria football league don dey good na oooo away winning every match day kudos 4 dat ooo,positive
thank you god for football for Maradona for these tears,positive
looking forward to networking at the madejski home of my long suffering football addiction will see you there,positive
So your going to take out one of the most entertaining moments in football Just continue to ruin the game https t co WK1EEEA7uo,positive
It is more than highly recommended that if you are planning on playing football for you take advanta https t co o9Vya32Rzp,positive
Baseball boys have the nicest ass Basketball boys have the skinniest legs amp Football boys have the the biggest be https t co yLbJ5h5VWL,positive
I love Star Wars football and Chick fil A but damn https t co mD02W31sxG,positive
Football Davidson 25 I Like The Want To I Like The Spirit I like The way Our Football Team Is HUNGRY FOR A WIN,positive
The club would like to wish all the best and good luck to Lewis Coyle as he furthers his football by signing with S https t co REEmKDaLrb,positive
has the best coaching threesome of all time Legend and still has the greatest DB coach https t co SezgNjPI1B,positive
Wow I miss football,positive
i cant wait for HS football games to start again,positive
I d say they are good on OT 2 3 and need an OT1,positive
Radio Shortly will have one and itll be glorious podcast is great audio even if https t co kEdp5t21Jo,positive
Once again its our inability to stop transition football when opposition goes forward,positive
What an amazing mindset and a simple twist in how we view things Be Uncommon https t co zWknL4y4CV,positive
Football All the Glory to the highest Thank you father for the healing miracles an https t co G0uEAxhRPN,positive
roos I hope so,positive
im ready for football season,positive
whoever love football basketball or soccer please follow me,positive
Yes I do not at all love the university that i go to spend every day at and pay xxxx dollars to go there every https t co p7n1bod99h,positive
I envy you You have good Baseball AND Football teams Even the Bruins are doing well Must be nice,positive
I love the new uniform Jamal I have supported you in academics and football since your middle school https t co s1czTcuUHU,positive
Id take a good football team over a good baseball team any day Plus the cubs got s World Series in there,positive
Spring Break Madness basketball tournament is tomorrow 2 on 2 games with a 10 minute running clock Will use 2 cou https t co krTODKJ97S,positive
brah sum alternative bands b simps tb o baby i see her under the lights of the football stadium bro shut up ur 28,positive
I wish someone had a GIF thread of the best nutmegs of all time,positive
I love football but Im so glad baseball is back Nothing comes remotely close to my love for baseball and the Yankees,positive
Read a little bit about What an unbelievable human being Massive respect for an incredible leader H https t co czHrxlK22E,positive
Missing Friday night football games is a forever mood,positive
my favourite time listening to football and drawing its such a lovely time,positive
always a pleasure and keep up the hard work let me know any way I can help with my time on projects to https t co EF1GCsIaWb,positive
Nike 2018 Salute to Service Football Gloves Veterans Exclusive Vapor Jet 5 XXL Check it out 29 99 https t co OoM30kkjqa,positive
Salinas will celebrate 100 years of football this fall,positive
Nike Vapor Knit 2 0 Football Gloves Black Iridescent Cool Grey Men s Large Be quick 35 95 https t co EYPafG5b6H,positive
So for all the Arts kids out there I got a suggestion Football has Friday Night Lights We should have a saying The Bright Lights,positive
ok i ve always loved fighting irish football and basketball but yes i see your point ma am,positive
esq You arent very good at reading comprehension and critical thinking are you My ana https t co XrK3EFlUvN,positive
Football Love seeing these School putting on Youth Camps The kids love it,positive
Football In Play LA Galaxy Win 20 wins you 62 at bet365,positive
FOOTBALL QT Great contest between Eagles and 4 1 25 v 4 2 26,positive
Just got a FaceTime from one our former team captains in California Goal accomplished by a great family Thank you Drake50,positive
nothing we didnt already know but its all good i love a good football team amp ultimate frisbee rep,positive
Good for my home country Our kids played flag football until they were in 7th grade and it didnt hurt them one bi https t co Scaq7ozqGE,positive
dan Guerrero is a great athletic director for all other sports except mens basketball and football,positive
Yes it s like math it s full of numbers unlike football it s all about goals but see this for example https t co EQdSuSHVeu,positive
Were welcome VAR will you say the the same about FFP and every other financial rule in football,positive
He is a football god so should respect him,positive
Ok wait is this just a super elaborate ploy to get football recruits to transfer to PSU for the parties https t co RwAIGsMcqm,positive
Brony Eyyyy Happy bday from me the Lord of Chaos as well,positive
This Cubs team is a great example of what I mean when I m talking about Giants football Every wants that sexy offe https t co wkAigwh6CB,positive
We dont have true football fans any more all I see is gamblers,positive
Nice Stretch and be careful to prevent injury Dont push the football too hard its just a game https t co OJbSDmTzDM,positive
6 Coach Snyder is a real class act and a great football mind One of the best for sure,positive
Yep You guys do know how to Build a good football team My mistake Take care buddy,positive
Heads up Lobo football fans tomorrows practice begins at 10 a m Open to the public,positive
Yesterday Football clean sweep hope all my telegram friends are won https t co vo6LjQrHJn,positive
I watch all football matches when I can I love it,positive
Wind Symphony GOLD a Football and a WITH DISTINCTION It was a good night to say the least,positive
He appreciates the hugs I have a feeling that this has something to do with the football team For Raymond at least,positive
I bet the new game modes will be available for a limited time before theyre taken off for months https t co xuHYoEJJS7,positive
plus it just seems like for smaller crowd ambience GRF would just be a more enjoyable place to catch a game the https t co L9VJVGWIk3,positive
thank you for being a strong role model We need more of you I could care less about football Thank you,positive
And THIS my American friends is Australian Rules Football Ed Curnow You Beauty Go Blues https t co hCSHfr3Ih1,positive
Ive been so fortunate to join the fantasy football community Ive gotten a new job and havent had much time at a https t co fL53coCRqb,positive
Thank You for the camp invite ranked school and an incredible football tradition https t co oo3rNAHY36,positive
What happens when you take the Offensive MVP 2nd Team All League RB and put him in track for conditioning He ranks https t co KFHPbzUjVx,positive
Yes Rico finally leaves your team https t co yhDkfmphfd,positive
I THINK MCCARTHY COST ARRON ROGERS OPPORTUNITIES OVER HIS CAREER ESPECIALLY IF MCCARTHYs https t co uspjWBKFBD,positive
Nicklas Bendtner is the best player in the Eliteserien apparently I m always for more data being used in footba https t co 8ZmrLuXJ81,positive
lmao so true black people are so good at fotball,positive
fan Well in bro,positive
For active young girls a great chance to build skills get fit and meet new friends https t co QuaBQGxXsI,positive
jr fan I hadnt cheers He d be brilliant but you re talking upwards of 100m Not that likely when https t co xxtIrxSfnu,positive
spiers Star I like Wolves they are a great team and one of the team I enjoy watch https t co Q8Xc09k1Xn,positive
fan spiers Star Oh Kenneth Kenneth Kenneth Kenneth Take the medicine even if it isn t nice to swallow,positive
bloke spiers Star I m not one eyed at all two good teams had an even match but I feel https t co qowm9XqhKQ,positive
is this your first season playing just have fun the last few gamweeks then take a few hits and play ar https t co eqi3zTGuvn,positive
fan spiers Star I SHOULD have won the lottery this week but I didn t That s why I https t co tfP0vuN2EB,positive
fan Thanks mate unfortunately don t have FH But yeah agree about Pogba,positive
you got a good team going forward but i hope you have your FH chip left you should also consider bin Pog https t co 2X15gDqpFA,positive
oh that is great i have never managed to get 100 points Maybe today if chelsea delivers can i see your team,positive
Cant say I look forward to se Messi and Barca at OT next week,positive
kreutz That s AWESOME We would be excited to have you on the team of athletes that supports https t co j5HAa7x4DX,positive
I CANNOT WAIT UNTIL FOOTBALL SEASON https t co KyWKn721KC,positive
henry I think Man City will win the title Also back Juve to win the CL purely because of Ronaldo Lets https t co twMtum0aSk,positive
What a waste Prob the best most legit alternative football league in terms of actual play weve seen in recent memory,positive
Playing is the best work in the world Joao Moutinho relishing life in heart of Wolves midfield https t co luNj8Vubot,positive
Believe me Fans like you would get excellent football to watch from ML https t co 6RDidijKhk,positive
Pleased to have met Joe Namath can you tell Hes arguably a legend in our community as a whole not just football https t co qn4Z3HuAA7,positive
CoachB Football Hed look good in purple,positive
Baker u r so CLE its not even funny we love it We will see what hes sayi https t co zFo4wa2ju3,positive
The list of retired football players from this year could form a nice team,positive
Concrete Football added to watch list Thanks folks,positive
If someone wants to pay him 500k a week good luck to them honestly,positive
England defender Danny Rose has had enough of racism in the game and said he cannot wait to get out of football ami https t co Yj5KTf4ltL,positive
Graham You will be missed Loved your bantering with Hota I stopped watching https t co 540aPDaLxq,positive
Basketball playoff season might just be the best Might It could be debatable with football but idk its too gr https t co mQefOmdbZZ,positive
Football fans from Vancouver celebrating Zlatan s goal,positive
Oops what a blunder done by Etihad will wait for the video bro So are u going to be back in Ind https t co ZQiL4EckHR,positive
jacket It s a great sport and it s real football not like other forms that call their game football like NF https t co Tfe9HQhHTf,positive
Rush9 i love everything about my team the history the love our funs throw out there be it an away game https t co 9rHBBYy4pB,positive
well the difference i see is that pro football players arent going to be able to get great insurance and https t co leCmJ5hskJ,positive
Tomorrow should be fun LSU football and,positive
I gotta say we should hang out shoot some pucks Youre good people even if you do watch professional football,positive
Another one with my beautiful sister This was at her son Haydens football game Shes is such a wonderful perso https t co AX3wL8CEz4,positive
Calling all Purdue Boilermakers football fans Lyft gives you 10 free taxi rides Get Lyft app amp use code DUSK,positive
Lord Scrotus the strong football star just won the pancake,positive
Cant wait till I have my own kid one day to teach football an baseball to,positive
Great day of learning and talking football at Coaches Clinic,positive
Catch me at Marvel watching Thurlow watch his team play football,positive
Go Bournmouth guys and gals https t co kQnyzbXmMa,positive
For me its easily football Another title in basketball would obviously be awesome but a title in football would https t co pZ4t4dqYdu,positive
Congratulations to both football and basketball teams,positive
GO DALLAS COWBOYS FOOTBALL NFL SEASON 2019 CAN T WAIT FINISHEDTHEFIGHT MR LESTER AND PAGE BAILEY https t co gb01K8IZuU,positive
Parker4 Odums FB football Thanks bro,positive
I would like to thank for allowing me to come by and visit the SXU football program I cant wait to go back,positive
Most entertaining sports to watch live Hockey Basketball Football Baseball Soccer,positive
Its Friday amp I survived day 5 This guy has personally been involved in 5 European cup wins all in the last two de https t co WdI3tJJ5y0,positive
I love this He is so fun to watch Glad we get for one more year Is it football season yet Counting https t co M8ZsQVeO33,positive
Just go play football and kick some ass Thats what we all wanna see,positive
og Football The lil chicken was too good Lol,positive
Had a great time visiting football yesterday Thanks for having me needer and the rest of the staff https t co TYc8VqNmDV,positive
James doesnt miss an opportunity to get PSU football on the map This is the reason I love him more than half my r https t co XekqA3oC88,positive
Ill be alright regardless Im a spoiled football fan Ive seen enough winning for a lifetime Itll be https t co UQqRUEo1Bz,positive
Chinese auction baskets ready for two great events tomorrow 1st up is the autism tea at 1pm than on to the cougar https t co SDVBN0Luc1,positive
I truly dont believe Im going to get married and have a football team of kids or fall in love again but Im okay https t co UUrN2x8Nie,positive
It s cool man I just like to talk football and prospects,positive
Agreed would of been way better if they had like good morning football host the event,positive
Visit https t co 3Fu7mlL1Tx to shop for amazing silent auction items or to buy raffle tickets for UT football sea https t co OxBti3oO3P,positive
Hanging out with my good buddy Noel Martin former St Cloud State football coach amp Nebraska Cornhusker down at the https t co HNjQ79P2rB,positive
Psssh At least I like alcohol and football She s right about Star Wars tho,positive
Great point about him just learning the game He was a star football player https t co qqZfoKQN1A,positive
Kelly They usually follow their original account to give themself an extra follower like a dumbass,negative
Izzo on posteseason selction process Ill probably piss of a lot of people in the basketball world but football kicks our butt,negative
So points on licence treated same as everyone else being able to kick a football amp be wealthy does not c https t co ZVXmscbStQ,negative
Laduma Why do you guys keep comparing please let the boys just play their football and we enj https t co 6tfVD0iur2,negative
Different football managers have different jobs according to the club they manage and why they shouldn t be judged https t co DF6NzfGLwZ,negative
Prisoners of deceptive leadership non of them can be appointed to be National team handlers why can t FA appoint https t co C0e9mMRgDH,negative
Antoni0 B8z This is the worst football Ive seen us pl https t co 3FgEtpOYVD,negative
Some people just like to watch others fail I just dont understand the hate towards salah of all people https t co qqUPva8eLa,negative
Damn I miss Falcons football,negative
Football that s not the point Not even close,negative
38 Because they have no clue of his philosophy and scared of change they are only used to pragmatic football,negative
Zach Charbonnet came into campus needing a procedure on his meniscus Doesn t sound serious Not participating in spring football though,negative
Bad comparison Biden avoided the draft claiming asthma Didnt seem to https t co yPRyokEx8u,negative
Please no team sings him never again He is beyond what should be permissible to do in football field https t co 4uhpHXJWHb,negative
Why do you want my attention so bad No offense but you have some serious issues Youre THIRTEEN and youre out he https t co gBruQIktNj,negative
Mourinho has lowered our expectations so much that as soon as we see attacking football we cum i want https t co J1aiAigC8i,negative
Euro cup which he didn t play final means nothing Even if messi wins copa and no world cup some will st https t co zF2Wk5uk75,negative
ent Not too dumb to r https t co YfqFSErYzI,negative
The state of American football fans probably doesnt even know why the rivalry exists and then bangs on about winn https t co xA7UR5UsHk,negative
I just saw the worst football fan in the world They had both Dallas Cowboys and New England Patriots bumper sticke https t co IWXnWDlWfi,negative
The question is who is the worst manager ever in the history of chelsea football club,negative
Even though its gets spoken about loads I still feel the terribleness of this game doesnt get spoken a https t co 3BXqgSa7Rr,negative
I ve only been once It was for football strangely And it pissed down,negative
Because he couldnt stand in the pocket because his o line sucks You dont https t co 1hmdrmXWTo,negative
Question Why are you guys STILL talking about a guy who cant get his head out of his https t co lBZWdU4A2m,negative
He means during the months football isn t on,negative
Nah brother the ratings dont lie Im using that as a generality in itself Most if not all Michig https t co gODCqAV7kD,negative
How boring is this whole ticket Saga between and now Who cares how many tickets each side has sold https t co Bq4AmPOYpz,negative
Hate Always congratulate ALWAYS If its a argument about Greatest College football players he has https t co 18o08MIb8h,negative
I ve had about 3 sips of bucks fizz n im already chanting southgate ur the one u still turn me on to folk 2 lad https t co rjkhBZX2Tr,negative
Im arguing that your point of a football game in 2016 is irrelevant when 1 its basketball season 2 its 2019,negative
definitely my worst moment of football ever bruh I was so hurt,negative
Ash I bite more at Dave Edwards than he ever will literally a massive fraud of world football,negative
videographer for a football club of which i ve already forgotten,negative
I hate when its not football season,negative
A 12 point deduction is not only a harsh but also very high standard of punishment for them to meet every other ti https t co RGQmt7FKj3,negative
This is a very poor explanation We are not ruthless enough The Toffees realized that at half time and simply got https t co hcfpqe8wzA,negative
Hope its both legs I dont care if they say Juve got knocked out because of CRs absence Arrogance has no place https t co JRDn0uw8Nx,negative
Tweet Why didn t write mohamed lol,negative
You ll always be the reason I stuck with orange amp stripes I will also defend you to my grave We a https t co VKmsL5jmg8,negative
I hate the international break absolute shit No football on TV meaningless friendlies,negative
Muhsin10 Football is ALL about goals you idiot The whole point of football is putting it at the https t co Ak247LyuPB,negative
Shouldn t we file Dickie V s pick of UT to go the the final game with the original Beano B https t co 1duo4IP52R,negative
Im really ready for some New York Football man No more of these niggas putting weave in their hair and crying on the sidelines,negative
Did FA PL have a minutes silence after Charlie Hebdo I know they did after Paris Nov 2015 attacks b https t co CGnec33wVH,negative
You dont seem to understand football enough to continue this convo You really dont the fact https t co p4S6PcIrWm,negative
What s the point of this vedio We already know there are no potential signings with that scumbag https t co vUCVpQryRi,negative
TO THE KID OUTSIDE IN MY YARD YOU SCARED THE LIVING CLUSTERFUCK OUT OF ME WITH YOUR FOOTBALL DEAR LORD,negative
The whole concept of this looks dodgy in my opinion BBC News OWNAFC Football fans call for refunds over club app https t co QvlY82hukm,negative
Bracket guy and Fantasy football team guy got into a fight they both lost,negative
2 2 and with the exception of the first season the eye bleeding football we played The same kind o https t co 6q1hOXBZnK,negative
All football players will be frustrated in 2022 because of the worst World Cup if FIFA does not move it https t co 5zWE8RPC9F,negative
Your favorite football teams coach and GOAT QB are both Trump supporters but I guess they get a pass right,negative
A low IQ person would be you I wish I had gone to school with you and played sports against you https t co 72YKCYbEdi,negative
Doesnt matter what he does hes brought back attacking football and bringing in more youth to bring https t co 0wAD060DtJ,negative
There football is family friendly in the case that its so boring the kids go asleep,negative
that is nonsense and kill football Simeone got a fine for that and it was worst than CR7 let the guy play and fine him,negative
LDN KL G u man got hella away games U cant even beat reanes and bate away,negative
Pele is a fraud tho Blokes a disgrace to football,negative
gh Oh masa abi we Naa we watch football ky33 most of these kiddies no noe nothing lol,negative
You are not a football fan go where you belong pls,negative
crocker Does Gettleman have pictures of John Mara doing something terrible or what He has https t co 4J5djZCnii,negative
Why not mate,negative
In other news I never want to hear from proponents of Spanish football about their fans ever again Imagine chant https t co hBlIt2Xxii,negative
West coast football is irrelevant,negative
Bagg6 wish I had an opportunity No football where I grew up,negative
We don t even have to go to the failed wrestler turned football player anyone remember David B https t co jj2VQa5QVq,negative
Nothing pissed me off more than getting cut blocked in football dead ass wanted to fight every time,negative
So the previous managers played to the strength of the squad they had available How far back are you g https t co hMKTNRCaF9,negative
Im disgusted Wake even scheduled them for football The fact that they will get money and https t co Ef8otwLZgT,negative
Sarri Ball yields no success predictable one dimensional football style combined with a poor team selection https t co J6MolCb4JN,negative
Ummm well thats fine but Im saying basketball is just as important as football if not more son March madness https t co o6dhdQNHtz,negative
Gotta get my fix in somehow Usually my squad is out by the time March Madness starts so its the perfec https t co lUYvFDznlv,negative
Off form bro Hes still quality Just unlucky on goal The same happened to mane last season Football is like that man,negative
Why not If we dont root for the same team then none of that matters yall https t co FZettkUNPT,negative
Football twitter cannot sleep with peace until they make an irrelevant comparison between two players every day,negative
It s no wonder some kids just want to play video games when that s the level of some of the coaching For some coac https t co ZvjookrOz2,negative
Yeyyyyyy thank you guys I was having palpitations stupid football,negative
Read this as football werewolf lesbian and I m gonna have to take some time today to draw this,negative
Not much of a footy fan tbf if you cant objectively look at the football have played this year and admit that,negative
Mans probably part of the Football isn t all about winning brigade FOH you bum poet,negative
So its not just useless football stories you people write Interesting https t co kjVkXp9eVQ,negative
Not one problem in Finland before he came to Scotland Players here know how good he is c https t co w0QoLqPyJK,negative
I m sure he ll land on his feet he has a long career ahead of him outside football anyway,negative
The Big Ten is a joke Adding games in football and basketball doesn t make sense,negative
Nobody calls him the nicest man in football or anything embarrassing like that,negative
ATTENTION SMSU ATHLETES needs your help If you have ANY free time even 20 minutes today before 5 https t co LGqwXlf2UW,negative
15 Everything happens for a reason without you we went on to become a much better football team,negative
Your football team is playing down here this fall Not my school but just south of where I am,negative
Hill is not a rich man yet If he done with football She not going have the life style she is expecting,negative
I can t even argue with this guy anymore He doesn t even understand what he s talking about https t co LSsK65fFKp,negative
city Your team would have no money at all to invest if you didn t cheat pathetic https t co 6Hdhfrm8Pi,negative
Rinus Michels is the father of modern football so I m not even mad at him being number 1 over Fergie,negative
Its actually hilarious because when talking to Football fans fans of ANY team they all hate us They all see t https t co rRZ1ZvNvdS,negative
m 1888 I m no on FB lol I ll need to ask his teacher he s a lying wee shit with stuff like this he even told https t co 83rKHhnmXQ,negative
LOL some nobody who tries to fat shame someone because you have the intellige https t co JKp3PST0Ld,negative
He doesn t deserve to be if there are better options He isn t up to league 1 football,negative
Whole city of Memphis is behind Johnny Manziel Prob couldnt have ended up in a better city right now We got ya back Johnny Football,negative
robson Sorry no FOOTBALL FACTORY is over 21 at all times,negative
LDN What an absolute load of rubbish,negative
Was there ever a guy more suited to be a Raider than Vontaze Burfict I know you all want choir boys Reggie tried https t co LokZbYS12y,negative
of Bryson 985 Football easy too,negative
Bro this is how I look at it He s going to get instant money right now It would take years to ge https t co UjRl25dlTg,negative
Yes but considering the much higher risk to quality of life in football isn t it weird that they have so https t co iBWROF1cx1,negative
I dont particularly think its fair to solely blame Gettleman just yet Hes had just his 1 year to evaluate the p https t co gMcPXTR5Y5,negative
Yea Bolton laughed us but for me this is horrendous said before its not just the club but a community that suffer https t co vrYAF7EhAd,negative
The football team never learn they turn around and look at you like huh Man MOVE idc if Im only 53 if i run https t co ElFc5GUlGJ,negative
He should never play football again with comments like that,negative
Those guys in France think they are the best football judges Very stupid ranking,negative
Beauty about football is that it gives an important lesson about life No racial discrimination no s https t co CFb36CFqlz,negative
Fuck me LOLOLOL https t co Zcx5aRchVF,negative
Literally every QB and RB duo to ever exist Like even if you have ever picked up a football even if you don t pla https t co ZEq1y5pGDc,negative
Never understood why people have a problem with the international I watch way more football in this span,negative
If he is terrible he will be make much more in football than he will in baseball What baseball pl https t co nEl2nLV93W,negative
This story reminds me of Colin Kaepernick he was let go because he sucked as a quarterback not because he didn https t co fDiJGshXQo,negative
he is he doesn t have the quality of players to really challenge at every front he went https t co H36Vl6vs8M,negative
I remember when we were little and if Mike got mad at me he would say when I get big and play football Im not gon https t co AtVZmqgyIM,negative
Cz Americans call Football a game where they use their hands The please is for them and not for you,negative
I can t believe some of these United supporters saying they want the Dippers over City to win th https t co 1WlaSkbl8S,negative
Might add does this mean dickhead police treating football fans like shite is the EU s https t co c4eQmtQqTE,negative
Javier Yeah I was shocked he chose football for these reasons less physical risk and greater financial potential,negative
esque so we sing about you we re obsessed you do the same and it s taking the piss https t co Tcsau8qH8t,negative
Kmt Its France Football anyway why am i so bothered,negative
NFL Insider Reveals Why The CFL Released Johnny Manziel Uhhh because he sucks https t co gDNdEpOrrr,negative
Why no trend for football we have potential players just need to polish a bit We must promote football it s has b https t co QgxgZAzOhZ,negative
Is Schrags on the Giants payroll There s no way to look at these moves as anything other https t co ZULVeGkNYv,negative
I dont have a family yet so but I gotta have my college football lol I worked at Sams while I https t co YsiUqryeAg,negative
I hate best regardless of position Disregarding position is stupid If some long snapper can snap a https t co NbYc3pmXJk,negative
Fuck me that choke must of done some damage by Khabib he switched football teams and done https t co UKIhls3fdS,negative
Chicago produced a washed up DRose yeah youre right ROTY and then the youngest MVP https t co gMsAQkBKCe,negative
What s this rubbish no wonder African football can t upgrade,negative
Men have a deep desire to build and be part of teams We are not interested in sitting on the sidelines We build t https t co A77gf5ZkPY,negative
I thought football contracts were insane but this This is something else I don t even think that th https t co RxXkSbQOVE,negative
Dear Jessica At first Im so sorry about my sudden message Im a Vietnamese my friend is a big https t co rXvbIFZRHc,negative
Nothing to do with football been broken its the way the club has been run for the last ten https t co UJknDdtsCS,negative
Unless it was the armchair DCs for the chiefs last year I don t claim to be any k https t co Q6Z9WdcSh1,negative
It didn t end well for Steve Brown at but he insists there are no hard feelings towards Chris Kinnea https t co UL3G04uinJ,negative
I ve been so impressed with him and so impressed with many things around the club when you speak to many people https t co wG2K6hwgwV,negative
Football needs a stronger union for sure They never had their Marvin Miller and it shows It s embar https t co JAv9R1NWlH,negative
The question is irrelevant imho Bill Alfredo will leave Hes treated completely differently to any https t co AliYnBJMxH,negative
If you are a football lover you clearly want to see good football I hate seeing teams winning trophies only by parking the bus,negative
I don t see this working w football coaches it seems yelling and cussing is just part of it https t co Y4ckP1AWHC,negative
Were bottom of the league tensions never been higher every pass is crucial every point is vital So fans ran o https t co K83f8slxuO,negative
I expect better from a football manager like yourself barts,negative
Some of our fans want this football back at Stamford Bridge So pathetic https t co ZMHtS4Tnw0,negative
petriello I have no football team Dave Gettleman,negative
I think they will and we will be without football for a year because they will fight over this to the death,negative
there is no point arguing with someone who believes football and footballers can do no wr https t co 6Fl9PEHYQ6,negative
I wish for nothing more than more players from everywhere make the NHL I wish https t co q4ZhmnQPb3,negative
Meanwhile less than 3 weeks ago the uniformed whores of SYP were hitting football fans with sticks its a fuckin joke,negative
PF Laduma This football thing is very confusing While some are being called up to the https t co 8lEB4GAkBk,negative
Keep fighting It s disgusting and disgraceful the way the FA are treating this situation https t co eZhsDJMbHw,negative
I mean I did what I had to do to get this spot Im in now Aint nobody making me miss football anymore haa,negative
that s an insane contract I will never understand why Kyler Murray chose football smh,negative
Yep so many of last years PB bosses have been crap for PB this year football is a game https t co cehFoALqZC,negative
On TV Bringing up the popular vote is like complaining that the team that had the most yards gained in a fo https t co QdUpNtrCL9,negative
In other words he might be tempted to leave if nothing is done about the situation of the local football https t co 0Y8zLsWkcN,negative
This GOAT issue cannot be seperated from trophies and winnings Cos i see people moving it to game play Boy we w https t co pLh8VchdL1,negative
Dubs8 The refs are trash in football too,negative
Not at all just a lot that have been told by TV companies that club football is all that matters Lo https t co sIlBrDyHMG,negative
Spanish football s glory days are over,negative
Lot of panic over a goalkeeper they only end up there coz they like football but are no good at it stick Terry the Terrier in,negative
LUFC Im alright mate just a bit embarrassing watching an adult try and banter when hes got the the numbe https t co 2Bzl3RQ1CG,negative
Serpa Football Wow I just saw this and it had me dead,negative
Well she isnt on the boo ya network but I still recommend not watching it Today we saw 430million https t co lNIX0e7Nyn,negative
Nobody believed in my football theories either until I switched countries Italy to get a chance to coach then ca https t co btZwRCz6BY,negative
Pibe de Oro9 Troll football ruined his reputation Would take him in a heartbeat to replace Suarez if only he was a bit younger,negative
harry junior studying to be a lawyer fOoTbALL iS tOo mAiNsTrEaM works at the coffee shop on campus with ni https t co SmTYZNY9xx,negative
As a fan I want Bolton to carry on being shit for as long as possible but would hate for them to completely https t co C7DOdA3R4t,negative
mwes Ahnahn mad o I don t care for football at all but thats some mad skills https t co cRbgLUzewH,negative
He s got about 8 odd so games to do it personally don t think thats enough time but it s football you never know,negative
Since obviously the only thing people care about right now is college football thought I d mention that I played o https t co B8McoKj7dd,negative
Dont worry is past it made me who I am now and thanks to it I knew the amazing people I know https t co d454UfXHl1,negative
It was a football It just scared him because he didn t know what to do with it,negative
1878 Drew how can u call anyone sad all u do is sit on h https t co rjJCzDaa3l,negative
rips JUUL Nah eff it bro Im just not going to try this semester so I get to stay for an extra football season,negative
Until talks trash on him again for letting blind ppl play football you scum bag https t co MufJ3V0Cjk,negative
If you get tired of your football friends,negative
A year on circumstances now dont allowe football but instead now I agree it is drugs,negative
I didnt know UofM had a football team,negative
star What is that pathetic show all about it s more dancing on Ice than Football if you think that was be https t co 5NcC30NBFv,negative
I get Sha And I m a United fan so I literally have nothing against Fergie I just feel like sacchi left https t co oyJD1c0dwN,negative
Esther When it comes to baseball or football I never single anyone out as to why a certain team wins or l https t co kRbQtQSsG7,negative
Tamba Hali KC football legend no one is fool enough to try coming after you Be at peace trust in G https t co R7B8qbVbBK,negative
I d be mad if we werent,negative
This seems odd to me i get the football is boring everyone including myself but what happened to stic https t co rYNvV6Kogq,negative
It s not the fact it s Liverpool It s the fact that it s a team that hasn t cheated FFP rules to get https t co E9byTBXK6h,negative
Lol why do people keep talking about this when he clearly loves football more,negative
Watching Championship football and foooooooking hell how do these fans cheer for this shite this is terrible foo https t co ctZ9BwQI9J,negative
lol well that would be ideal for sure but after the Eagles dream team a few years ago I m ok with not getting that label,negative
Manziel need to sit his drunk ass down and quit worrying bout football he aint tired of getting his ass bounced of of leagues,negative
Im dead ass serious about this picnic we can run like 7v7 football and music food and chill lol,negative
Just keep him tell him about some passport issue Don t fucking let him go out of our country and https t co FeaWOIUeAE,negative
Jay Z really out here building his own sporting agency football is all ik of Kaku now KDB man really want all the bags,negative
Zlatan would make a really bad football pundit,negative
Football is too fickle,negative
Why are people giving so much attention to that france football ranking lol who cares about them,negative
John baseball salaries are ridiculous Football players risk life and limb quality of life That mone https t co 33YI1CI2Os,negative
STIVOVO I fully understand your facts but unfortunately football is not easily predictable and I do https t co 4olSkWBWXK,negative
What Im not jealous I dont dislike Wolves just dislike things like this in football,negative
No Real football not American football,negative
So the club Ive had involved in my life since the start is really about to go under and I really dont know how t https t co 1Qp9kCkvw6,negative
Tweet No pics under shower please,negative
when i was in jr high i heard my elementary principle talking shit about me at a football game to another parent wh https t co L8WJxAdk1j,negative
Youre playing football not olympics,negative
LG Chelsea and Bri defending football What has the world come to This is tr mps fault,negative
literally could have kept the tweet at that s a good football joke that s it end tweet,negative
x49 Wenger at 32 HAHAHAHAHA Fucking idiots However it may have ended with Wenger he is and remains one https t co Qh3ZDUd3Jg,negative
When we had this run that two week or so period was probably the most exciting period as a gamecock fan in my life https t co BupSICTQPd,negative
03 bad news for us but as long as you recover Ok thats the main thing Football will be thee on your return,negative
First time in a while I ve put a pair of gloves back on Yes these are only training gloves but can t wait to get b https t co 96xCdPdjwP,negative
I knew what Morton was doing when he suddenly at age 30 was throwing a 4 foot slider No rolling of wrist https t co O91mp4qVAC,negative
The slogan worlds oldest football league club is rubbish Its too long and confusing Unless were the oldest i https t co 3IvrUAqJLR,negative
Almost 4 chances created per match also counts for nothing That has to be the worst football acco https t co ac1YmJdw2T,negative
Pattaya I ain t part of any pathetic football family,negative
yep i like to think i know little football knowledge living over here i try to watch as m https t co KW38GJbqdR,negative
Nobody s really caring about Johnny football anymore so move on kinda like u skip we ve moved on,negative
fact mate but cant complain about michels no1 the guy invented total football,negative
To all the Celtic fans trying to convince themselves that Im hurt over this Im really not Im just pointing o https t co UUY2TDn5oN,negative
LDN Take the L You are a joke of a club,negative
If a Football Team doesn t do well to get results who gets fired th players or the coach So in my vi https t co 5ZAKHk34h5,negative
Who are you calling naive and stupid This is the worst football I have seen in 30 years the man is a fraud,negative
Yes its awful football CHO is miles better than willian,negative
Its like they have backed themselves into a corner and aint got a clue what best for football and the whole league,negative
does a better job going obscure with the football numbers sorry Bald,negative
How many times does Lucy have to pull away the football before they realize this,negative
Also fuck French football,negative
Why can t these shits take up a normal healthy pass time like golf chess football darts or boxing https t co ALmYWHSBaU,negative
Why theres no club football this weekend,negative
Here s a fact for you everyone knows a guy they played football with that should ve made it pro but got https t co xYFrM2iDGZ,negative
Manchester City are ruining football,negative
Most games these days regularly have 5 7 minutes added when it is 2 0 or 3 0 nobody cares or not https t co SS4G9TzsEA,negative
So what about not picking CHO enough or playing awful football,negative
25 Exactly Thats my one concern with him injuries BUT he hasnt played much fo https t co hUQLawUAc8,negative
They overextend to fill in their Football team,negative
They will ruin the sport watch It s not going to be as popular as football deal with https t co EWrrfxCBzf,negative
I honestly think his response would be to call you a nerd He s from the neanderthal school of Football Ops,negative
Morgan imagine wishing you were still 16 getting drunk in the back of your dads pickup truck behind the football field,negative
stapleton Worse GM in football He is clueless,negative
Worst football I ve ever witnessed Terrible man whohas no problem slagging off the pla https t co LSIqKuSD2j,negative
That leads to the big question though do we change and keep Sarri and become an attacking team or do https t co eT0xYxbx4l,negative
Many football players spend hours in the weight room only to be frustrated by lack of results both in the gym and o https t co UUPwniNmST,negative
more Kardashian crap do you need to fuel this please stick to the football,negative
Tnx I think the difference is that MB and SH are incredibly thin skinned and sit atop deeply sycophanti https t co NroPA0Muyq,negative
anna Remember its international football for next 2 weeks so there will be lots of crap written by the press,negative
I was a cheerleader for 7 whole ass years and not once did I date a football player I dated 2 drop outs lmao,negative
This morning I said we should talk about it cause I read you should never leave a fight unresolved Thats when https t co yKdSwklzJZ,negative
why is African football cursed by the running track,negative
1 2 Without the ratio you lose opportunity There is a false perception that American players are bett https t co X1eB6PeCer,negative
If you want to become a better football player regardless of your position you ll need to develop a high level of https t co 4pSVJQ729k,negative
I created this woman and losers of which sadly there was suspended by the most relatable thing we updated the li https t co 5TszT2LBHZ,negative
Traina This guy is truly the worst GM in all of football,negative
IMO our fans got spoiled during the start of the Matta era amp now expect the bball team to ri https t co cKkcana5tp,negative
Lionel Messi is in the news on account of being absolutely ridiculous at football so what better time to test your https t co D0yMqjCic6,negative
I m irish and the vast majority of my mates all follow English teams They literally do not have a clu https t co KzCVYzcVfT,negative
Almost like the guy has an extra sensor built in him to be unmatched in football All the players love https t co 4ttSVwo6Sr,negative
shame to see another football star go off the rails due to fame,negative
U keep saying on air tht Utes won t play Aggies Is that the expectation As the new AD would U comm https t co iQ2JtX00Ma,negative
horse bets Nope because I dont want my team to go backwards Were running out of managerial op https t co oWnIXG3Hpp,negative
You ve answered my question Penalties are bread and butter Part of the sport So why is it being treat https t co atzIxFrq7g,negative
Stick to football oh wait nvm,negative
shame on you lot and hang your heads in shame for not having a minutes silence at the football https t co 3NkuHSqUYV,negative
The fans the team the man himself No patsies no half baked sentiment real football people who care about the https t co YWIvoWvivn,negative
Football handball basketball baseball they all have logic and it s easy to know why they are called that way https t co ygQGiSQSex,negative
I definitely tried to play baseball as a kid but them leagues and equipment were hella expensive They cost money w https t co plRzJ9icb6,negative
Now it looks like he spends more time in fashion than anything to do with football how times have changed,negative
No club football for the next 2 weeks Hate it when this happens life becomes so dull and meaningless,negative
I still think worst disaster in state history is Nebraska football,negative
V3 football twitter is the worst ffs,negative
RMTAP Ahaaa always with Portugal unless USA becomes a superpower in football which is impossible,negative
My passion for basketball over rides football so believe me when it comes to funding issues this is https t co ZkAuc8jwnh,negative
1Fareed I feel you Potential earnings are more on baseball immediate money is more in football Lol he bout to b https t co OJ4QKh8q8w,negative
The replies and quotes to this have shown a few things people are fucking idiots schools need to teach the mea https t co XwxS42Ha7E,negative
Julius Bruh So in middle school me Gina and my mom moved to Jackson Kinda weird to be there while my https t co nPf9ewlOR1,negative
Lol means when football aint on I spend my time there,negative
I mean that was kinda iffy He could ve kept it but he couldn t keep the channel monotized He chose to k https t co 1bgL4C1A0d,negative
Who told you that SAF never spent any money He was always backed Stop quoting nonsense Rather it w https t co LcM4BIKncO,negative
Anyone have any Luminance football base I am 89 complete on a set It looks like I am missing the key quarterbacks from it,negative
LFC aha dont get how people can call football boring,negative
Surprised he stayed this long imagine waking up and knowing that s where you have to play football,negative
Scottish football is my main passsion so I used to really hate Van Dijk for his everything ab https t co UHUnvAXAfp,negative
I know it was just a dig at the NCAA over their stupid rules like that UCF player who had to give u https t co 37ZxFAAp9V,negative
The rule of thumb for every time zone you cross you need one day to get back to normal function We are dealing w https t co LtrrD6ytiI,negative
Miserable All the shiny Champions League fireworks of modern business not doing football much good if it also mean https t co kakPT0y4fM,negative
2018 was a crazy year,negative
421 No chose the more gtd money Him picking baseball is him betting on himself that he will be a https t co 6ha6P3WLhO,negative
I think bball should have its own stand alone operations facility just like football,negative
Ehh You will fail so much more in baseball then in football and then you have to go out and play defense as well,negative
Now im not makin plans to watch a game or nothin like an nba playoff game or a college football game but if i cut t https t co aGNeM9onEX,negative
mufc 20 Not a day that goes past where football isnt on my mind impossible,negative
